Index,Title,Session/Area,Authors,Affiliation,Status,OpenReview URL,PDF URL
1,A Box-Constrained Approach for Hard Permutation Problems,,Cong Han Lim;Steve Wright;,University of Wisconsin-Madison;,Poster,,http://proceedings.mlr.press/v48/lim16.pdf
2,A Comparative Analysis and Study of Multiview CNN Models for Joint Object Categorization and Pose Estimation,,Mohamed Elhoseiny;Tarek El-Gaaly;Amr Bakry;Ahmed Elgammal;,Rutgers University;,Poster,,http://proceedings.mlr.press/v48/elhoseiny16.pdf
3,A Convex Atomic-Norm Approach to Multiple Sequence Alignment and Motif Discovery,,Ian En-Hsu Yen;Xin Lin;Jiong Zhang;Pradeep Ravikumar;Inderjit Dhillon;,University of Texas at Austin;,Poster,,http://proceedings.mlr.press/v48/yena16.pdf
4,A Convolutional Attention Network for Extreme Summarization of Source Code,,Miltiadis Allamanis;Hao Peng;Charles Sutton;,University of Edinburgh;Peking University;,Poster,,http://proceedings.mlr.press/v48/allamanis16.pdf
5,A Deep Learning Approach to Unsupervised Ensemble Learning,,Uri Shaham;Xiuyuan Cheng;Omer Dror;Ariel Jaffe;Boaz Nadler;Joseph Chang;Yuval Kluger;,Yale University;Google;Weizmann Institute of Science;,Poster,,http://proceedings.mlr.press/v48/shaham16.pdf
6,A Distributed Variational Inference Framework for Unifying Parallel Sparse Gaussian Process Regression Models,,Trong Nghia Hoang;Quang Minh Hoang;Bryan Kian Hsiang Low;,National University of Singapore;,Poster,,http://proceedings.mlr.press/v48/hoang16.pdf
7,A Kernel Test of Goodness of Fit,,Kacper Chwialkowski;Heiko Strathmann;Arthur Gretton;,University College London;,Poster,,http://proceedings.mlr.press/v48/chwialkowski16.pdf
8,A Kernelized Stein Discrepancy for Goodness-of-fit Tests,,Qiang Liu;Jason Lee;Michael Jordan;,"Dartmouth College;University of California, Berkeley;",Poster,,http://proceedings.mlr.press/v48/liub16.pdf
9,A Kronecker-factored approximate Fisher matrix for convolution layers,,Roger Grosse;James Martens;,University of Toronto;,Poster,,http://proceedings.mlr.press/v48/grosse16.pdf
10,A Neural Autoregressive Approach to Collaborative Filtering,,Yin Zheng;Bangsheng Tang;Wenkui Ding;Hanning Zhou;,Hulu LLC;,Poster,,http://proceedings.mlr.press/v48/zheng16.pdf
11,A New PAC-Bayesian Perspective on Domain Adaptation,,Pascal Germain;Amaury Habrard;François Laviolette;Emilie Morvant;,INRIA;Ecole Normale Superieure;Universite Lyon;Université Laval;,Poster,,http://proceedings.mlr.press/v48/germain16.pdf
12,A Random Matrix Approach to Echo-State Neural Networks,,Romain Couillet;Gilles Wainrib;Hafiz Tiomoko Ali;Harry Sevi;,CentraleSupélec;Ecole Normale Supérieure;École Normale Supérieure de Lyon;,Poster,,http://proceedings.mlr.press/v48/couillet16.pdf
13,A ranking approach to global optimization,,Cedric Malherbe;Emile Contal;Nicolas Vayatis;,École Normale Supérieure de Cachan;,Poster,,http://proceedings.mlr.press/v48/malherbe16.pdf
14,A Self-Correcting Variable-Metric Algorithm for Stochastic Optimization,,Frank Curtis;,Lehigh University;,Poster,,http://proceedings.mlr.press/v48/curtis16.pdf
15,A Simple and Provable Algorithm for Sparse Diagonal CCA,,Megasthenis Asteris;Anastasios Kyrillidis;Oluwasanmi Koyejo;Russell Poldrack;,University of Texas at Austin;Stanford University;,Poster,,http://proceedings.mlr.press/v48/asteris16.pdf
16,A Simple and Strongly-Local Flow-Based Method for Cut Improvement,,Nate Veldt;David Gleich;Michael Mahoney;,"Purdue University;University of California, Berkeley;",Poster,,http://proceedings.mlr.press/v48/veldt16.pdf
17,A Subspace Learning Approach for High Dimensional Matrix Decomposition with Efficient Column/Row Sampling,,Mostafa Rahmani;Geroge Atia;,University of Central Florida;,Poster,,http://proceedings.mlr.press/v48/rahmani16.pdf
18,A Superlinearly-Convergent Proximal Newton-type Method for the Optimization of Finite Sums,,Anton Rodomanov;Dmitry Kropotov;,Higher School of Economics;Lomonosov Moscow State University;,Poster,,http://proceedings.mlr.press/v48/rodomanov16.pdf
19,A Theory of Generative ConvNet,,Jianwen Xie;Yang Lu;Song-Chun Zhu;Yingnian Wu;,"University of California, Los Angeles;",Poster,,http://proceedings.mlr.press/v48/xiec16.pdf
20,A Variational Analysis of Stochastic Gradient Algorithms,,Stephan Mandt;Matthew Hoffman;David Blei;,Columbia University;Adobe;,Poster,,http://proceedings.mlr.press/v48/mandt16.pdf
21,Accurate Robust and Efficient Error Estimation for Decision Trees,,Lixin Fan;,Nokia Technologies;,Poster,,http://proceedings.mlr.press/v48/fan16.pdf
22,Actively Learning Hemimetrics with Applications to Eliciting User Preferences,,Adish Singla;Sebastian Tschiatschek;Andreas Krause;,ETH Zurich;,Poster,,http://proceedings.mlr.press/v48/singla16.pdf
23,Adaptive Algorithms for Online Convex Optimization with Long-term Constraints,,Rodolphe Jenatton;Jim Huang;Cedric Archambeau;,Amazon;,Poster,,http://proceedings.mlr.press/v48/jenatton16.pdf
24,Adaptive Sampling for SGD by Exploiting Side Information,,Siddharth Gopal;,Google;,Poster,,http://proceedings.mlr.press/v48/gopal16.pdf
25,Additive Approximations in High Dimensional Nonparametric Regression via the SALSA,,Kirthevasan Kandasamy;Yaoliang Yu;,Carnegie Mellon University;,Poster,,http://proceedings.mlr.press/v48/kandasamy16.pdf
26,ADIOS: Architectures Deep In Output Space,,Moustapha Cisse;Maruan Al-Shedivat;Samy Bengio;,Meta;Carnegie Mellon University;Google;,Poster,,http://proceedings.mlr.press/v48/cisse16.pdf
27,Algorithms for Optimizing the Ratio of Submodular Functions,,Wenruo Bai;Rishabh Iyer;Kai Wei;Jeff Bilmes;,University of Washington;,Poster,,http://proceedings.mlr.press/v48/baib16.pdf
28,An optimal algorithm for the Thresholding Bandit Problem,,Andrea Locatelli;Maurilio Gutzeit;Alexandra Carpentier;,University of Potsdam;,Poster,,http://proceedings.mlr.press/v48/locatelli16.pdf
29,Analysis of Deep Neural Networks with Extended Data Jacobian Matrix,,Shengjie Wang;Abdel-rahman Mohamed;Rich Caruana;Jeff Bilmes;Matthai Plilipose;Matthew Richardson;Krzysztof Geras;Gregor Urban;Ozlem Aslan;,"University of Washington;Microsoft;University of Edinburgh;University of California, Irvine;University of Alberta;",Poster,,http://proceedings.mlr.press/v48/wanga16.pdf
30,Analysis of Variational Bayesian Factorizations for Sparse and Low-Rank Estimation,,David Wipf;,Microsoft;,Poster,,http://proceedings.mlr.press/v48/wipf16.pdf
31,Anytime Exploration for Multi-armed Bandits using Confidence Information,,Kwang-Sung Jun;Robert Nowak;,University of Wisconsin-Madison;,Poster,,http://proceedings.mlr.press/v48/jun16.pdf
32,Anytime optimal algorithms in stochastic multi-armed bandits,,Rémy Degenne;Vianney Perchet;,Universite Paris Diderot;CREST;,Poster,,http://proceedings.mlr.press/v48/degenne16.pdf
33,Ask Me Anything: Dynamic Memory Networks for Natural Language Processing,,Ankit Kumar;Ozan Irsoy;Peter Ondruska;Mohit Iyyer;James Bradbury;Ishaan Gulrajani;Victor Zhong;Romain Paulus;Richard Socher;,Salesforce Inc.;,Poster,,http://proceedings.mlr.press/v48/kumar16.pdf
34,Associative Long Short-Term Memory,,Ivo Danihelka;Greg Wayne;Benigno Uria;Nal Kalchbrenner;Alex Graves;,Google;,Poster,,http://proceedings.mlr.press/v48/danihelka16.pdf
35,Asymmetric Multi-task Learning Based on Task Relatedness and Loss,,Giwoong Lee;Eunho Yang;Sung Hwang;,UNIST;KAIST;,Poster,,http://proceedings.mlr.press/v48/leeb16.pdf
36,Asynchronous Methods for Deep Reinforcement Learning,,Volodymyr Mnih;Adria Puigdomenech Badia;Mehdi Mirza;Alex Graves;Timothy Lillicrap;Tim Harley;David Silver;Koray Kavukcuoglu;,Google;University of Montreal;,Poster,,http://proceedings.mlr.press/v48/mniha16.pdf
37,Augmenting Supervised Neural Networks with Unsupervised Objectives for Large-scale Image Classification,,Yuting Zhang;Kibok Lee;Honglak Lee;,University of Michigan;,Poster,,http://proceedings.mlr.press/v48/zhangc16.pdf
38,Autoencoding beyond pixels using a learned similarity metric,,Anders Boesen Lindbo Larsen;Søren Kaae Sønderby;Hugo Larochelle;Ole Winther;,Technical University of Denmark;University of Copenhagen;Twitter;,Poster,,http://proceedings.mlr.press/v48/larsen16.pdf
39,Automatic Construction of Nonparametric Relational Regression Models for Multiple Time Series,,Yunseong Hwang;Anh Tong;Jaesik Choi;,Ulsan National Institute of Science and Technology;NAVER Corp.;,Poster,,http://proceedings.mlr.press/v48/hwangb16.pdf
40,Auxiliary Deep Generative Models,,Lars Maaløe;Casper Kaae Sønderby;Søren Kaae Sønderby;Ole Winther;,Technical University of Denmark;University of Copenhagen;,Poster,,http://proceedings.mlr.press/v48/maaloe16.pdf
41,Barron and Cover’s Theory in Supervised Learning and its Application to Lasso,,Masanori Kawakita;Jun’ichi Takeuchi;,Kyushu University;,Poster,,http://proceedings.mlr.press/v48/kawakita16.pdf
42,BASC: Applying Bayesian Optimization to the Search for Global Minima on Potential Energy Surfaces,,Shane Carr;Roman Garnett;Cynthia Lo;,Washington University in St. Louis;,Poster,,http://proceedings.mlr.press/v48/carr16.pdf
43,Bayesian Poisson Tucker Decomposition for Learning the Structure of International Relations,,Aaron Schein;Mingyuan Zhou;David Blei;Hanna Wallach;,University of Massachusetts Amherst;University of Texas at Austin;Columbia University;Microsoft;,Poster,,http://proceedings.mlr.press/v48/schein16.pdf
44,Benchmarking Deep Reinforcement Learning for Continuous Control,,Yan Duan;Xi Chen;Rein Houthooft;John Schulman;Pieter Abbeel;,"University of California, Berkeley;Ghent University;OpenAI;",Poster,,http://proceedings.mlr.press/v48/duan16.pdf
45,Beyond CCA: Moment Matching for Multi-View Models,,Anastasia Podosinnikova;Francis Bach;Simon Lacoste-Julien;,École Normale Supérieure;,Poster,,http://proceedings.mlr.press/v48/podosinnikova16.pdf
46,Beyond Parity Constraints: Fourier Analysis of Hash Functions for Inference,,Tudor Achim;Ashish Sabharwal;Stefano Ermon;,Stanford University;Allen Institute for Artificial Intelligence;,Poster,,http://proceedings.mlr.press/v48/achim16.pdf
47,Bidirectional Helmholtz Machines,,Jorg Bornschein;Samira Shabanian;Asja Fischer;Yoshua Bengio;,University of Montreal;Canadian Institute for Advanced Research;,Poster,,http://proceedings.mlr.press/v48/bornschein16.pdf
48,Binary embeddings with structured hashed projections,,Anna Choromanska;Krzysztof Choromanski;Mariusz Bojarski;Tony Jebara;Sanjiv Kumar;Yann LeCun;,New York University;Google;NVIDIA;Columbia University;,Poster,,http://proceedings.mlr.press/v48/choromanska16.pdf
49,BISTRO: An Efficient Relaxation-Based Method for Contextual Bandits,,Alexander Rakhlin;Karthik Sridharan;,University of Pennsylvania;Cornell University;,Poster,,http://proceedings.mlr.press/v48/rakhlin16.pdf
50,Black-Box Alpha Divergence Minimization,,Jose Hernandez-Lobato;Yingzhen Li;Mark Rowland;Thang Bui;Daniel Hernandez-Lobato;Richard Turner;,Harvard University;University of Cambridge;Universidad Autónoma de Madrid;,Poster,,http://proceedings.mlr.press/v48/hernandez-lobatob16.pdf
51,Black-box Optimization with a Politician,,Sebastien Bubeck;Yin Tat Lee;,Microsoft;Massachusetts Institute of Technology;,Poster,,http://proceedings.mlr.press/v48/bubeck16.pdf
52,Boolean Matrix Factorization and Noisy Completion via Message Passing,,Siamak Ravanbakhsh;Barnabas Poczos;Russell Greiner;,Carnegie Mellon University;University of Alberta;,Poster,,http://proceedings.mlr.press/v48/ravanbakhsha16.pdf
53,Bounded Off-Policy Evaluation with Missing Data for Course Recommendation and Curriculum Design,,William Hoiles;Mihaela Schaar;,"University of California, Los Angeles;",Poster,,http://proceedings.mlr.press/v48/hoiles16.pdf
54,Clustering High Dimensional Categorical Data via Topographical Features,,Chao Chen;Novi Quadrianto;,"Queens College & Graduate Center, City University of New York;University of Sussex;",Poster,,http://proceedings.mlr.press/v48/chenc16.pdf
55,Collapsed Variational Inference for Sum-Product Networks,,Han Zhao;Tameem Adel;Geoff Gordon;Brandon Amos;,Carnegie Mellon University;University of Amsterdam;Radboud University;,Poster,,http://proceedings.mlr.press/v48/zhaoa16.pdf
56,Community Recovery in Graphs with Locality,,Yuxin Chen;Govinda Kamath;Changho Suh;David Tse;,"Stanford University;KAIST;University of California, Berkeley;",Poster,,http://proceedings.mlr.press/v48/chena16.pdf
57,Complex Embeddings for Simple Link Prediction,,Théo Trouillon;Johannes Welbl;Sebastian Riedel;Eric Gaussier;Guillaume Bouchard;,Xerox Research Centre Europe;University College London;Université Grenoble Alpes;,Poster,,http://proceedings.mlr.press/v48/trouillon16.pdf
58,Compressive Spectral Clustering,,Nicolas Tremblay;Gilles Puy;Remi Gribonval;Pierre Vandergheynst;,INRIA;Technicolor;EPFL;,Poster,,http://proceedings.mlr.press/v48/tremblay16.pdf
59,Computationally Efficient Nyström Approximation using Fast Transforms,,Si Si;Cho-Jui Hsieh;Inderjit Dhillon;,University of Texas at Austin;University of California at Davis;,Poster,,http://proceedings.mlr.press/v48/si16.pdf
60,Conditional Bernoulli Mixtures for Multi-label Classification,,Cheng Li;Bingyu Wang;Virgil Pavlu;Javed Aslam;,Northeastern University;,Poster,,http://proceedings.mlr.press/v48/lij16.pdf
61,"Conditional Dependence via Shannon Capacity: Axioms, Estimators and Applications",,Weihao Gao;Sreeram Kannan;Sewoong Oh;Pramod Viswanath;,"University of Illinois, Urbana-Champaign;University of Washington;University of Illinois Urbana-Champaign;",Poster,,http://proceedings.mlr.press/v48/gaob16.pdf
62,Conservative Bandits,,Yifan Wu;Roshan Shariff;Tor Lattimore;Csaba Szepesvari;,University of Alberta;,Poster,,http://proceedings.mlr.press/v48/wu16.pdf
63,Contextual Combinatorial Cascading Bandits,,Shuai Li;Baoxiang Wang;Shengyu Zhang;Wei Chen;,Chinese University of Hong Kong;Microsoft;,Poster,,http://proceedings.mlr.press/v48/lif16.pdf
64,Continuous Deep Q-Learning with Model-based Acceleration,,Shixiang Gu;Timothy Lillicrap;Ilya Sutskever;Sergey Levine;,University of Cambridge;Max Planck Institute for Intelligent Systems;Google;,Poster,,http://proceedings.mlr.press/v48/gu16.pdf
65,"Control of Memory, Active Perception, and Action in Minecraft",,Junhyuk Oh;Valliappa Chockalingam;Satinder;Honglak Lee;,University of Michigan;,Poster,,http://proceedings.mlr.press/v48/oh16.pdf
66,Controlling the distance to a Kemeny consensus without computing it,,Yunlong Jiao;Anna Korba;Eric Sibony;,MINES ParisTech;Telecom ParisTech;,Poster,,http://proceedings.mlr.press/v48/korba16.pdf
67,Convergence of Stochastic Gradient Descent for PCA,,Ohad Shamir;,Weizmann Institute of Science;,Poster,,http://proceedings.mlr.press/v48/shamirb16.pdf
68,Convolutional Rectifier Networks as Generalized Tensor Decompositions,,Nadav Cohen;Amnon Shashua;,Hebrew University of Jerusalem;,Poster,,http://proceedings.mlr.press/v48/cohenb16.pdf
69,"Copeland Dueling Bandit Problem: Regret Lower Bound, Optimal Algorithm, and Computationally Efficient Algorithm",,Junpei Komiyama;Junya Honda;Hiroshi Nakagawa;,University of Tokyo;,Poster,,http://proceedings.mlr.press/v48/komiyama16.pdf
70,Correcting Forecasts with Multifactor Neural Attention,,Matthew Riemer;Aditya Vempaty;Flavio Calmon;Fenno Heath;Richard Hull;Elham Khabiri;,IBM;,Poster,,http://proceedings.mlr.press/v48/riemer16.pdf
71,Correlation Clustering and Biclustering with Locally Bounded Errors,,Gregory Puleo;Olgica Milenkovic;,University of Illinois Urbana-Champaign;,Poster,,http://proceedings.mlr.press/v48/puleo16.pdf
72,Cross-Graph Learning of Multi-Relational Associations,,Hanxiao Liu;Yiming Yang;,Carnegie Mellon University;,Poster,,http://proceedings.mlr.press/v48/liuf16.pdf
73,CryptoNets: Applying Neural Networks to Encrypted Data with High Throughput and Accuracy,,Ran Gilad-Bachrach;Nathan Dowlin;Kim Laine;Kristin Lauter;Michael Naehrig;John Wernsing;,Princeton University;Microsoft;,Poster,,http://proceedings.mlr.press/v48/gilad-bachrach16.pdf
74,Cumulative Prospect Theory Meets Reinforcement Learning: Prediction and Control,,Prashanth L.A.;Cheng Jie;Michael Fu;Steve Marcus;Csaba Szepesvari;,University of Maryland;University of Alberta;,Poster,,http://proceedings.mlr.press/v48/la16.pdf
75,Data-driven Rank Breaking for Efficient Rank Aggregation,,Ashish Khetan;Sewoong Oh;,University of Illinois Urbana-Champaign;,Poster,,http://proceedings.mlr.press/v48/khetan16.pdf
76,Data-Efficient Off-Policy Policy Evaluation for Reinforcement Learning,,Philip Thomas;Emma Brunskill;,Carnegie Mellon University;,Poster,,http://proceedings.mlr.press/v48/thomasa16.pdf
77,DCM Bandits: Learning to Rank with Multiple Clicks,,Sumeet Katariya;Branislav Kveton;Csaba Szepesvari;Zheng Wen;,University of Wisconsin-Madison;Adobe;University of Alberta;,Poster,,http://proceedings.mlr.press/v48/katariya16.pdf
78,Dealbreaker: A Nonlinear Latent Variable Model for Educational Data,,Andrew Lan;Tom Goldstein;Richard Baraniuk;Christoph Studer;,Rice University;University of Maryland;Cornell University;,Poster,,http://proceedings.mlr.press/v48/lan16.pdf
79,Deconstructing the Ladder Network Architecture,,Mohammad Pezeshki;Linxi Fan;Philemon Brakel;Aaron Courville;Yoshua Bengio;,Université de Montréal;Columbia University;Canadian Institute for Advanced Research;,Poster,,http://proceedings.mlr.press/v48/pezeshki16.pdf
80,Deep Gaussian Processes for Regression using Approximate Expectation Propagation,,Thang Bui;Daniel Hernandez-Lobato;Jose Hernandez-Lobato;Yingzhen Li;Richard Turner;,University of Cambridge;Harvard University;Universidad Autónoma de Madrid;,Poster,,http://proceedings.mlr.press/v48/bui16.pdf
81,Deep Speech 2 : End-to-End Speech Recognition in English and Mandarin,,Dario Amodei;Sundaram Ananthanarayanan;Rishita Anubhai;Jingliang Bai;Eric Battenberg;Carl Case;Jared Casper;Bryan Catanzaro;Qiang Cheng;Guoliang Chen;Jie Chen;Jingdong Chen;Zhijie Chen;Mike Chrzanowski;Adam Coates;Greg Diamos;Ke Ding;Niandong Du;Erich Elsen;Jesse Engel;Weiwei Fang;Linxi Fan;Christopher Fougner;Liang Gao;Caixia Gong;Awni Hannun;Tony Han;Lappi Johannes;Bing Jiang;Cai Ju;Billy Jun;Patrick LeGresley;Libby Lin;Junjie Liu;Yang Liu;Weigao Li;Xiangang Li;Dongpeng Ma;Sharan Narang;Andrew Ng;Sherjil Ozair;Yiping Peng;Ryan Prenger;Sheng Qian;Zongfeng Quan;Jonathan Raiman;Vinay Rao;Sanjeev Satheesh;David Seetapun;Shubho Sengupta;Kavya Srinet;Anuroop Sriram;Haiyuan Tang;Liliang Tang;Chong Wang;Jidong Wang;Kaifu Wang;Yi Wang;Zhijian Wang;Zhiqian Wang;Shuang Wu;Likai Wei;Bo Xiao;Wen Xie;Yan Xie;Dani Yogatama;Bin Yuan;Jun Zhan;Zhenyao Zhu;,,Poster,,http://proceedings.mlr.press/v48/amodei16.pdf
82,Deep Structured Energy Based Models for Anomaly Detection,,Shuangfei Zhai;Yu Cheng;Weining Lu;Zhongfei Zhang;,Binghamton University;IBM;Tsinghua University;,Poster,,http://proceedings.mlr.press/v48/zhai16.pdf
83,Dictionary Learning for Massive Matrix Factorization,,Arthur Mensch;Julien Mairal;Bertrand Thirion;Gael Varoquaux;,,Poster,,http://proceedings.mlr.press/v48/mensch16.pdf
84,Differential Geometric Regularization for Supervised Learning of Classifiers,,Qinxun Bai;Steven Rosenberg;Zheng Wu;Stan Sclaroff;,Boston University;MathWorks;,Poster,,http://proceedings.mlr.press/v48/baia16.pdf
85,Differentially Private Chi-Squared Hypothesis Testing: Goodness of Fit and Independence Testing,,Marco Gaboardi;Hyun Lim;Ryan Rogers;Salil Vadhan;,"University at Buffalo;University of California, Los Angeles;University of Pennsylvania;Harvard University;",Poster,,http://proceedings.mlr.press/v48/rogers16.pdf
86,Differentially Private Policy Evaluation,,Borja Balle;Maziar Gomrokchi;Doina Precup;,Lancaster University;McGill University;,Poster,,http://proceedings.mlr.press/v48/balle16.pdf
87,Dirichlet Process Mixture Model for Correcting Technical Variation in Single-Cell Gene Expression Data,,Sandhya Prabhakaran;Elham Azizi;Ambrose Carr;Dana Pe’er;,Columbia University;,Poster,,http://proceedings.mlr.press/v48/prabhakaran16.pdf
88,Discrete Deep Feature Extraction: A Theory and New Architectures,,Thomas Wiatowski;Michael Tschannen;Aleksandar Stanic;Philipp Grohs;Helmut Boelcskei;,ETH Zurich;University of Vienna;,Poster,,http://proceedings.mlr.press/v48/wiatowski16.pdf
89,Discrete Distribution Estimation under Local Privacy,,Peter Kairouz;Keith Bonawitz;Daniel Ramage;,Google;University of Illinois;,Poster,,http://proceedings.mlr.press/v48/kairouz16.pdf
90,Discriminative Embeddings of Latent Variable Models for Structured Data,,Hanjun Dai;Bo Dai;Le Song;,Georgia Institute of Technology;,Poster,,http://proceedings.mlr.press/v48/daib16.pdf
91,Distributed Clustering of Linear Bandits in Peer to Peer Networks,,Nathan Korda;Balazs Szorenyi;Shuai Li;,University of Oxford;Technion;University of Insubria;,Poster,,http://proceedings.mlr.press/v48/korda16.pdf
92,Diversity-Promoting Bayesian Learning of Latent Variable Models,,Pengtao Xie;Jun Zhu;Eric Xing;,Carnegie Mellon University;Tsinghua University;,Poster,,http://proceedings.mlr.press/v48/xiea16.pdf
93,Domain Adaptation with Conditional Transferable Components,,Mingming Gong;Kun Zhang;Tongliang Liu;Dacheng Tao;Clark Glymour;Bernhard Schölkopf;,University of Technology Sydney;Carnegie Mellon University;Max Planck Institute for Intelligent Systems;,Poster,,http://proceedings.mlr.press/v48/gong16.pdf
94,Doubly Decomposing Nonparametric Tensor Regression,,Masaaki Imaizumi;Kohei Hayashi;,University of Tokyo;National Institute of Advanced Industrial Science and Technology;Japan Science and Technology Agency;,Poster,,http://proceedings.mlr.press/v48/imaizumi16.pdf
95,Doubly Robust Off-policy Value Evaluation for Reinforcement Learning,,Nan Jiang;Lihong Li;,University of Michigan;Microsoft;,Poster,,http://proceedings.mlr.press/v48/jiang16.pdf
96,DR-ABC: Approximate Bayesian Computation with Kernel-Based Distribution Regression,,Jovana Mitrovic;Dino Sejdinovic;Yee-Whye Teh;,University of Oxford;,Poster,,http://proceedings.mlr.press/v48/mitrovic16.pdf
97,Dropout as a Bayesian Approximation: Representing Model Uncertainty in Deep Learning,,Yarin Gal;Zoubin Ghahramani;,University of Cambridge;,Poster,,http://proceedings.mlr.press/v48/gal16.pdf
98,Dropout distillation,,Samuel Rota Bulò;Lorenzo Porzi;Peter Kontschieder;,Fondazione Bruno Kessler;Mapillary;Microsoft;,Poster,,http://proceedings.mlr.press/v48/bulo16.pdf
99,Dueling Network Architectures for Deep Reinforcement Learning,,Ziyu Wang;Tom Schaul;Matteo Hessel;Hado Hasselt;Marc Lanctot;Nando Freitas;,Google;,Poster,,http://proceedings.mlr.press/v48/wangf16.pdf
100,Dynamic Capacity Networks,,Amjad Almahairi;Nicolas Ballas;Tim Cooijmans;Yin Zheng;Hugo Larochelle;Aaron Courville;,Université de Montréal;Hulu LLC;Twitter;,Poster,,http://proceedings.mlr.press/v48/almahairi16.pdf
101,Dynamic Memory Networks for Visual and Textual Question Answering,,Caiming Xiong;Stephen Merity;Richard Socher;,Salesforce Inc.;,Poster,,http://proceedings.mlr.press/v48/xiong16.pdf
102,Early and Reliable Event Detection Using Proximity Space Representation,,Maxime Sangnier;Jerome Gauthier;Alain Rakotomamonjy;,CNRS;CEA;Normandie Université;,Poster,,http://proceedings.mlr.press/v48/sangnier16.pdf
103,Efficient Algorithms for Adversarial Contextual Learning,,Vasilis Syrgkanis;Akshay Krishnamurthy;Robert Schapire;,Microsoft;,Poster,,http://proceedings.mlr.press/v48/syrgkanis16.pdf
104,Efficient Algorithms for Large-scale Generalized Eigenvector Computation and Canonical Correlation Analysis,,Rong Ge;Chi Jin;Sham;Praneeth Netrapalli;Aaron Sidford;,"Duke University;University of California, Berkeley;University of Washington;Microsoft;",Poster,,http://proceedings.mlr.press/v48/geb16.pdf
105,Efficient Learning with a Family of Nonconvex Regularizers by Redistributing Nonconvexity,,Quanming Yao;James Kwok;,Hong Kong University of Science and Technology;,Poster,,http://proceedings.mlr.press/v48/yao16.pdf
106,Efficient Multi-Instance Learning for Activity Recognition from Time Series Data Using an Auto-Regressive Hidden Markov Model,,Xinze Guan;Raviv Raich;Weng-Keen Wong;,Oregon State University;,Poster,,http://proceedings.mlr.press/v48/guan16.pdf
107,Efficient Private Empirical Risk Minimization for High-dimensional Learning,,Shiva Prasad Kasiviswanathan;Hongxia Jin;,Samsung;,Poster,,http://proceedings.mlr.press/v48/kasiviswanathan16.pdf
108,Energetic Natural Gradient Descent,,Philip Thomas;Bruno Castro Silva;Christoph Dann;Emma Brunskill;,Carnegie Mellon University;Universidade Federal do Rio Grande do Sul;,Poster,,http://proceedings.mlr.press/v48/thomasb16.pdf
109,Ensuring Rapid Mixing and Low Bias for Asynchronous Gibbs Sampling,,Christopher De Sa;Chris Re;Kunle Olukotun;,Stanford University;,Poster,,http://proceedings.mlr.press/v48/sa16.pdf
110,Epigraph projections for fast general convex programming,,Po-Wei Wang;Matt Wytock;Zico Kolter;,Carnegie Mellon University;Stanford University;,Poster,,http://proceedings.mlr.press/v48/wangh16.pdf
111,Estimating Accuracy from Unlabeled Data: A Bayesian Approach,,Emmanouil Antonios Platanios;Avinava Dubey;Tom Mitchell;,Carnegie Mellon University;,Poster,,http://proceedings.mlr.press/v48/platanios16.pdf
112,Estimating Cosmological Parameters from the Dark Matter Distribution,,Siamak Ravanbakhsh;Junier Oliva;Sebastian Fromenteau;Layne Price;Shirley Ho;Jeff Schneider;Barnabas Poczos;,Carnegie Mellon University;,Poster,,http://proceedings.mlr.press/v48/ravanbakhshb16.pdf
113,Estimating Maximum Expected Value through Gaussian Approximation,,Carlo D’Eramo;Marcello Restelli;Alessandro Nuara;,Politecnico di Milano;,Poster,,http://proceedings.mlr.press/v48/deramo16.pdf
114,Estimating Structured Vector Autoregressive Models,,Igor Melnyk;Arindam Banerjee;,University of Minnesota;,Poster,,http://proceedings.mlr.press/v48/melnyk16.pdf
115,Estimation from Indirect Supervision with Linear Moments,,Aditi Raghunathan;Roy Frostig;John Duchi;Percy Liang;,Stanford University;,Poster,,http://proceedings.mlr.press/v48/raghunathan16.pdf
116,Evasion and Hardening of Tree Ensemble Classifiers,,Alex Kantchelian;J. D. Tygar;Anthony Joseph;,"University of California, Berkeley;",Poster,,http://proceedings.mlr.press/v48/kantchelian16.pdf
117,Even Faster Accelerated Coordinate Descent Using Non-Uniform Sampling,,Zeyuan Allen-Zhu;Zheng Qu;Peter Richtarik;Yang Yuan;,Princeton University;University of Hong Kong;University of Edinburgh;Cornell University;,Poster,,http://proceedings.mlr.press/v48/allen-zhuc16.pdf
118,Exact Exponent in Optimal Rates for Crowdsourcing,,Chao Gao;Yu Lu;Dengyong Zhou;,Yale University;Microsoft;,Poster,,http://proceedings.mlr.press/v48/gaoa16.pdf
119,Experimental Design on a Budget for Sparse Linear Models and Applications,,Sathya Narayanan Ravi;Vamsi Ithapu;Sterling Johnson;Vikas Singh;,University of Wisconsin-Madison;William S. Middleton Memorial Veterans Hospital;,Poster,,http://proceedings.mlr.press/v48/ravi16.pdf
120,Exploiting Cyclic Symmetry in Convolutional Neural Networks,,Sander Dieleman;Jeffrey De Fauw;Koray Kavukcuoglu;,Google;,Poster,,http://proceedings.mlr.press/v48/dieleman16.pdf
121,Expressiveness of Rectifier Networks,,Xingyuan Pan;Vivek Srikumar;,University of Utah;,Poster,,http://proceedings.mlr.press/v48/panb16.pdf
122,Extended and Unscented Kitchen Sinks,,Edwin Bonilla;Daniel Steinberg;Alistair Reid;,University of New South Wales;National Information and Communications Technology Australia;,Poster,,http://proceedings.mlr.press/v48/bonilla16.pdf
123,Extreme F-measure Maximization using Sparse Probability Estimates,,Kalina Jasinska;Krzysztof Dembczynski;Robert Busa-Fekete;Karlson Pfannschmidt;Timo Klerx;Eyke Hullermeier;,Pozna? University of Technology;Paderborn University;,Poster,,http://proceedings.mlr.press/v48/jasinska16.pdf
124,Factored Temporal Sigmoid Belief Networks for Sequence Learning,,Jiaming Song;Zhe Gan;Lawrence Carin;,Tsinghua University;Duke University;,Poster,,http://proceedings.mlr.press/v48/songa16.pdf
125,False Discovery Rate Control and Statistical Quality Assessment of Annotators in Crowdsourced Ranking,,QianQian Xu;Jiechao Xiong;Xiaochun Cao;Yuan Yao;,Chinese Academy of Sciences;Peking University;,Poster,,http://proceedings.mlr.press/v48/xua16.pdf
126,Fast Algorithms for Segmented Regression,,Jayadev Acharya;Ilias Diakonikolas;Jerry Li;Ludwig Schmidt;,Massachusetts Institute of Technology;University of Southern California;,Poster,,http://proceedings.mlr.press/v48/acharya16.pdf
127,Fast Constrained Submodular Maximization: Personalized Data Summarization,,Baharan Mirzasoleiman;Ashwinkumar Badanidiyuru;Amin Karbasi;,ETH Zurich;Google;Yale University;,Poster,,http://proceedings.mlr.press/v48/mirzasoleiman16.pdf
128,Fast DPP Sampling for Nystrom with Application to Kernel Methods,,Chengtao Li;Stefanie Jegelka;Suvrit Sra;,Massachusetts Institute of Technology;,Poster,,http://proceedings.mlr.press/v48/lih16.pdf
129,Fast k-means with accurate bounds,,James Newling;Francois Fleuret;,Idiap Research Institute;,Poster,,http://proceedings.mlr.press/v48/newling16.pdf
130,Fast k-Nearest Neighbour Search via Dynamic Continuous Indexing,,Ke Li;Jitendra Malik;,"University of California, Berkeley;",Poster,,http://proceedings.mlr.press/v48/lic16.pdf
131,Fast methods for estimating the Numerical rank of large matrices,,Shashanka Ubaru;Yousef Saad;,University of Minnesota;,Poster,,http://proceedings.mlr.press/v48/ubaru16.pdf
132,Fast Parameter Inference in Nonlinear Dynamical Systems using Iterative Gradient Matching,,Mu Niu;Simon Rogers;Maurizio Filippone;Dirk Husmeier;,University of Glasgow;EURECOM;,Poster,,http://proceedings.mlr.press/v48/niu16.pdf
133,Fast Rate Analysis of Some Stochastic Optimization Algorithms,,Chao Qu;Huan Xu;Chong Ong;,National University of Singapore;,Poster,,http://proceedings.mlr.press/v48/qua16.pdf
134,Fast Stochastic Algorithms for SVD and PCA: Convergence Properties and Convexity,,Ohad Shamir;,Weizmann Institute of Science;,Poster,,http://proceedings.mlr.press/v48/shamira16.pdf
135,Faster Convex Optimization: Simulated Annealing with an Efficient Universal Barrier,,Jacob Abernethy;Elad Hazan;,University of Michigan;Princeton University;,Poster,,http://proceedings.mlr.press/v48/abernethy16.pdf
136,Faster Eigenvector Computation via Shift-and-Invert Preconditioning,,Dan Garber;Elad Hazan;Chi Jin;Sham;Cameron Musco;Praneeth Netrapalli;Aaron Sidford;,"Toyota Technological Institute at Chicago;Princeton University;University of California, Berkeley;University of Washington;Massachusetts Institute of Technology;Microsoft;",Poster,,http://proceedings.mlr.press/v48/garber16.pdf
137,Fixed Point Quantization of Deep Convolutional Networks,,Darryl Lin;Sachin Talathi;Sreekanth Annapureddy;,Qualcomm Research;NetraDyne Inc.;,Poster,,http://proceedings.mlr.press/v48/linb16.pdf
138,ForecastICU: A Prognostic Decision Support System for Timely Prediction of Intensive Care Unit Admission,,Jinsung Yoon;Ahmed Alaa;Scott Hu;Mihaela Schaar;,"University of California, Los Angeles;",Poster,,http://proceedings.mlr.press/v48/yoon16.pdf
139,From Softmax to Sparsemax: A Sparse Model of Attention and Multi-Label Classification,,Andre Martins;Ramon Astudillo;,Unbabel;Instituto de Telecomunicacoes;Instituto de Engenharia de Sistemas e Computadores;,Poster,,http://proceedings.mlr.press/v48/martins16.pdf
140,Gaussian process nonparametric tensor estimator and its minimax optimality,,Heishiro Kanagawa;Taiji Suzuki;Hayato Kobayashi;Nobuyuki Shimizu;Yukihiro Tagami;,Tokyo Institute of Technology;Japan Science and Technological Agency;Yahoo Japan Corporation;,Poster,,http://proceedings.mlr.press/v48/kanagawa16.pdf
141,Gaussian quadrature for matrix inverse forms with applications,,Chengtao Li;Suvrit Sra;Stefanie Jegelka;,Massachusetts Institute of Technology;,Poster,,http://proceedings.mlr.press/v48/lig16.pdf
142,Generalization and Exploration via Randomized Value Functions,,Ian Osband;Benjamin Van Roy;Zheng Wen;,Stanford University;DeepMind;Adobe;,Poster,,http://proceedings.mlr.press/v48/osband16.pdf
143,Generalization Properties and Implicit Regularization for Multiple Passes SGM,,Junhong Lin;Raffaello Camoriano;Lorenzo Rosasco;,,Poster,,http://proceedings.mlr.press/v48/lina16.pdf
144,Generalized Direct Change Estimation in Ising Model Structure,,Farideh Fazayeli;Arindam Banerjee;,University of Minnesota;,Poster,,http://proceedings.mlr.press/v48/fazayeli16.pdf
145,Generative Adversarial Text to Image Synthesis,,Scott Reed;Zeynep Akata;Xinchen Yan;Lajanugen Logeswaran;Bernt Schiele;Honglak Lee;,University of Michigan;Max Planck Institute for Informatics;,Poster,,http://proceedings.mlr.press/v48/reed16.pdf
146,Geometric Mean Metric Learning,,Pourya Zadeh;Reshad Hosseini;Suvrit Sra;,University of Tehran;Massachusetts Institute of Technology;,Poster,,http://proceedings.mlr.press/v48/zadeh16.pdf
147,Gossip Dual Averaging for Decentralized Optimization of Pairwise Functions,,Igor Colin;Aurelien Bellet;Joseph Salmon;Stéphan Clémençon;,Télécom ParisTech;INRIA Lille – Nord Europe;,Poster,,http://proceedings.mlr.press/v48/colin16.pdf
148,Graying the black box: Understanding DQNs,,Tom Zahavy;Nir Ben-Zrihem;Shie Mannor;,Technion - Israel Institute of Technology;,Poster,,http://proceedings.mlr.press/v48/zahavy16.pdf
149,Greedy Column Subset Selection: New Bounds and Distributed Algorithms,,Jason Altschuler;Aditya Bhaskara;Gang Fu;Vahab Mirrokni;Afshin Rostamizadeh;Morteza Zadimoghaddam;,,Poster,,http://proceedings.mlr.press/v48/altschuler16.pdf
150,Gromov-Wasserstein Averaging of Kernel and Distance Matrices,,Gabriel Peyré;Marco Cuturi;Justin Solomon;,CNRS;Kyoto University;Massachusetts Institute of Technology;,Poster,,http://proceedings.mlr.press/v48/peyre16.pdf
151,Group Equivariant Convolutional Networks,,Taco Cohen;Max Welling;,"University of Amsterdam;University of California, Irvine;Canadian Institute for Advanced Research;",Poster,,http://proceedings.mlr.press/v48/cohenc16.pdf
152,Guided Cost Learning: Deep Inverse Optimal Control via Policy Optimization,,Chelsea Finn;Sergey Levine;Pieter Abbeel;,"University of California, Berkeley;",Poster,,http://proceedings.mlr.press/v48/finn16.pdf
153,Hawkes Processes with Stochastic Excitations,,Young Lee;Kar Wai Lim;Cheng Soon Ong;,Data61/National ICT Australia;,Poster,,http://proceedings.mlr.press/v48/leea16.pdf
154,Heteroscedastic Sequences: Beyond Gaussianity,,Oren Anava;Shie Mannor;,Technion - Israel Institute of Technology;,Poster,,http://proceedings.mlr.press/v48/anava16.pdf
155,Hierarchical Compound Poisson Factorization,,Mehmet Basbug;Barbara Engelhardt;,Princeton University;,Poster,,http://proceedings.mlr.press/v48/basbug16.pdf
156,Hierarchical Decision Making In Electricity Grid Management,,Gal Dalal;Elad Gilboa;Shie Mannor;,Technion - Israel Institute of Technology;,Poster,,http://proceedings.mlr.press/v48/dalal16.pdf
157,Hierarchical Span-Based Conditional Random Fields for Labeling and Segmenting Events in Wearable Sensor Data Streams,,Roy Adams;Nazir Saleheen;Edison Thomaz;Abhinav Parate;Santosh Kumar;Benjamin Marlin;,University of Massachusetts Amherst;University of Memphis;University of Texas at Austin;Lumme Inc;,Poster,,http://proceedings.mlr.press/v48/adams16.pdf
158,Hierarchical Variational Models,,Rajesh Ranganath;Dustin Tran;David Blei;,Princeton University;Columbia University;,Poster,,http://proceedings.mlr.press/v48/ranganath16.pdf
159,Horizontally Scalable Submodular Maximization,,Mario Lucic;Olivier Bachem;Morteza Zadimoghaddam;Andreas Krause;,ETH Zurich;Google;,Poster,,http://proceedings.mlr.press/v48/lucic16.pdf
160,How to Fake Multiply by a Gaussian Matrix,,Michael Kapralov;Vamsi Potluru;David Woodruff;,EPFL;Comcast Cable;IBM;,Poster,,http://proceedings.mlr.press/v48/kapralov16.pdf
161,Hyperparameter optimization with approximate gradient,,Fabian Pedregosa;,Chaire Havas-Dauphine;Université Paris-Dauphine;École Normale Supérieure;,Poster,,http://proceedings.mlr.press/v48/pedregosa16.pdf
162,Importance Sampling Tree for Large-scale Empirical Expectation,,Olivier Canevet;Cijo Jose;Francois Fleuret;,Idiap Research Institute;EPFL;,Poster,,http://proceedings.mlr.press/v48/canevet16.pdf
163,Improved SVRG for Non-Strongly-Convex or Sum-of-Non-Convex Objectives,,Zeyuan Allen-Zhu;Yang Yuan;,Princeton University;Cornell University;,Poster,,http://proceedings.mlr.press/v48/allen-zhub16.pdf
164,Inference Networks for Sequential Monte Carlo in Graphical Models,,Brooks Paige;Frank Wood;,University of Oxford;,Poster,,http://proceedings.mlr.press/v48/paige16.pdf
165,Interacting Particle Markov Chain Monte Carlo,,Tom Rainforth;Christian Naesseth;Fredrik Lindsten;Brooks Paige;Jan-Willem Vandemeent;Arnaud Doucet;Frank Wood;,University of Oxford;Linköping University;Uppsala University;,Poster,,http://proceedings.mlr.press/v48/rainforth16.pdf
166,Interactive Bayesian Hierarchical Clustering,,Sharad Vikram;Sanjoy Dasgupta;,"University of California, San Diego;",Poster,,http://proceedings.mlr.press/v48/vikram16.pdf
167,Isotonic Hawkes Processes,,Yichen Wang;Bo Xie;Nan Du;Le Song;,Georgia Institute of Technology;,Poster,,http://proceedings.mlr.press/v48/wangg16.pdf
168,K-Means Clustering with Distributed Dimensions,,Hu Ding;Yu Liu;Lingxiao Huang;Jian Li;,Michigan State University;Tsinghua University;,Poster,,http://proceedings.mlr.press/v48/ding16.pdf
169,k-variates++: more pluses in the k-means++,,Richard Nock;Raphael Canyasse;Roksana Boreli;Frank Nielsen;,"Data61;Australian National University;Ecole Polytechnique;Technion;University of New South Wales;Sony Computer Science Laboratories, Inc.;",Poster,,http://proceedings.mlr.press/v48/nock16.pdf
170,L1-regularized Neural Networks are Improperly Learnable in Polynomial Time,,Yuchen Zhang;Jason D. Lee;Michael I. Jordan;,"University of California, Berkeley;",Poster,,http://proceedings.mlr.press/v48/zhangd16.pdf
171,Large-Margin Softmax Loss for Convolutional Neural Networks,,Weiyang Liu;Yandong Wen;Zhiding Yu;Meng Yang;,Peking University;South China University of Technology;Carnegie Mellon University;Shenzhen University;,Poster,,http://proceedings.mlr.press/v48/liud16.pdf
172,Learning and Inference via Maximum Inner Product Search,,Stephen Mussmann;Stefano Ermon;,Stanford University;,Poster,,http://proceedings.mlr.press/v48/mussmann16.pdf
173,Learning Convolutional Neural Networks for Graphs,,Mathias Niepert;Mohamed Ahmed;Konstantin Kutzkov;,NEC Labs Europe;,Poster,,http://proceedings.mlr.press/v48/niepert16.pdf
174,Learning End-to-end Video Classification with Rank-Pooling,,Basura Fernando;Stephen Gould;,Australian National University;,Poster,,http://proceedings.mlr.press/v48/fernando16.pdf
175,Learning from Multiway Data: Simple and Efficient Tensor Regression,,Rose Yu;Yan Liu;,University of Southern California;,Poster,,http://proceedings.mlr.press/v48/yu16.pdf
176,Learning Granger Causality for Hawkes Processes,,Hongteng Xu;Mehrdad Farajtabar;Hongyuan Zha;,Georgia Institute of Technology;,Poster,,http://proceedings.mlr.press/v48/xuc16.pdf
177,Learning Mixtures of Plackett-Luce Models,,Zhibing Zhao;Peter Piech;Lirong Xia;,Rensselaer Polytechnic Institute;,Poster,,http://proceedings.mlr.press/v48/zhaob16.pdf
178,Learning Physical Intuition of Block Towers by Example,,Adam Lerer;Sam Gross;Rob Fergus;,Meta;,Poster,,http://proceedings.mlr.press/v48/lerer16.pdf
179,Learning Population-Level Diffusions with Generative RNNs,,Tatsunori Hashimoto;David Gifford;Tommi Jaakkola;,Massachusetts Institute of Technology;,Poster,,http://proceedings.mlr.press/v48/hashimoto16.pdf
180,Learning privately from multiparty data,,Jihun Hamm;Yingjun Cao;Mikhail Belkin;,"Ohio State University;University of California, San Diego;",Poster,,http://proceedings.mlr.press/v48/hamm16.pdf
181,Learning Representations for Counterfactual Inference,,Fredrik Johansson;Uri Shalit;David Sontag;,Chalmers University of Technology;New York University;,Poster,,http://proceedings.mlr.press/v48/johansson16.pdf
182,Learning Simple Algorithms from Examples,,Wojciech Zaremba;Tomas Mikolov;Armand Joulin;Rob Fergus;,New York University;OpenAI;Meta;,Poster,,http://proceedings.mlr.press/v48/zaremba16.pdf
183,Learning Sparse Combinatorial Representations via Two-stage Submodular Maximization,,Eric Balkanski;Baharan Mirzasoleiman;Andreas Krause;Yaron Singer;,Harvard University;ETH Zurich;,Poster,,http://proceedings.mlr.press/v48/balkanski16.pdf
184,Learning to Filter with Predictive State Inference Machines,,Wen Sun;Arun Venkatraman;Byron Boots;J.Andrew Bagnell;,Carnegie Mellon University;Georgia Institute of Technology;,Poster,,http://proceedings.mlr.press/v48/sun16.pdf
185,Learning to Generate with Memory,,Chongxuan Li;Jun Zhu;Bo Zhang;,Tsinghua University;,Poster,,http://proceedings.mlr.press/v48/lie16.pdf
186,Linking losses for density ratio and class-probability estimation,,Aditya Menon;Cheng Soon Ong;,Australian National University;,Poster,,http://proceedings.mlr.press/v48/menon16.pdf
187,"Loss factorization, weakly supervised learning and label noise robustness",,Giorgio Patrini;Frank Nielsen;Richard Nock;Marcello Carioni;,Australian National University;;Ecole Polytechnique;Sony Computer Science Laboratories Inc;Max Planck Institute for Mathematics in the Sciences;,Poster,,http://proceedings.mlr.press/v48/patrini16.pdf
188,Low-Rank Matrix Approximation with Stability,,Dongsheng Li;Chao Chen;Qin Lv;Junchi Yan;Li Shang;Stephen Chu;,IBM;Tongji University;University of Colorado;,Poster,,http://proceedings.mlr.press/v48/lib16.pdf
189,Low-rank Solutions of Linear Matrix Equations via Procrustes Flow,,Stephen Tu;Ross Boczar;Max Simchowitz;Mahdi Soltanolkotabi;Ben Recht;,"University of California, Berkeley;University of Southern California;",Poster,,http://proceedings.mlr.press/v48/tu16.pdf
190,Low-rank tensor completion: a Riemannian manifold preconditioning approach,,Hiroyuki Kasai;Bamdev Mishra;,University of Electro-Communications;Amazon;,Poster,,http://proceedings.mlr.press/v48/kasai16.pdf
191,Markov Latent Feature Models,,Aonan Zhang;John Paisley;,Columbia University;,Poster,,http://proceedings.mlr.press/v48/zhangf16.pdf
192,Markov-modulated Marked Poisson Processes for Check-in Data,,Jiangwei Pan;Vinayak Rao;Pankaj Agarwal;Alan Gelfand;,Duke University;Purdue University;,Poster,,http://proceedings.mlr.press/v48/pana16.pdf
193,Matrix Eigen-decomposition via Doubly Stochastic Riemannian Optimization,,Zhiqiang Xu;Peilin Zhao;Jianneng Cao;Xiaoli Li;,Institute for Infocomm Research;,Poster,,http://proceedings.mlr.press/v48/xub16.pdf
194,Meta-Learning with Memory-Augmented Neural Networks,,Adam Santoro;Sergey Bartunov;Matthew Botvinick;Daan Wierstra;Timothy Lillicrap;,Google;Higher School of Economics;,Poster,,http://proceedings.mlr.press/v48/santoro16.pdf
195,Meta–Gradient Boosted Decision Tree Model for Weight and Target Learning,,Yury Ustinovskiy;Valentina Fedorova;Gleb Gusev;Pavel Serdyukov;,Yandex;,Poster,,http://proceedings.mlr.press/v48/ustinovskiy16.pdf
196,Metadata-conscious anonymous messaging,,Giulia Fanti;Peter Kairouz;Sewoong Oh;Kannan Ramchandran;Pramod Viswanath;,"University of Illinois Urbana-Champaign;University of California, Berkeley;",Poster,,http://proceedings.mlr.press/v48/fanti16.pdf
197,Minding the Gaps for Block Frank-Wolfe Optimization of Structured SVMs,,Anton Osokin;Jean-Baptiste Alayrac;Isabella Lukasewitz;Puneet Dokania;Simon Lacoste-Julien;,INRIA;INRIA – CentraleSupélec;,Poster,,http://proceedings.mlr.press/v48/osokin16.pdf
198,Minimizing the Maximal Loss: How and Why,,Shai Shalev-Shwartz;Yonatan Wexler;,Hebrew University;Orcam;,Poster,,http://proceedings.mlr.press/v48/shalev-shwartzb16.pdf
199,Minimum Regret Search for Single- and Multi-Task Optimization,,Jan Hendrik Metzen;,University of Bremen;Robert Bosch GmbH;,Poster,,http://proceedings.mlr.press/v48/metzen16.pdf
200,Mixing Rates for the Alternating Gibbs Sampler over Restricted Boltzmann Machines and Friends,,Christopher Tosh;,"University of California, San Diego;",Poster,,http://proceedings.mlr.press/v48/tosh16.pdf
201,Mixture Proportion Estimation via Kernel Embeddings of Distributions,,Harish Ramaswamy;Clayton Scott;Ambuj Tewari;,IBM;Indian Institute of Science;University of Michigan;,Poster,,http://proceedings.mlr.press/v48/ramaswamy16.pdf
202,Model-Free Imitation Learning with Policy Optimization,,Jonathan Ho;Jayesh Gupta;Stefano Ermon;,Stanford University;,Poster,,http://proceedings.mlr.press/v48/ho16.pdf
203,Model-Free Trajectory Optimization for Reinforcement Learning,,Riad Akrour;Gerhard Neumann;Hany Abdulsamad;Abbas Abdolmaleki;,Technische Universität Darmstadt;University of Aveiro;Technical University of Darmstadt;,Poster,,http://proceedings.mlr.press/v48/akrour16.pdf
204,Multi-Bias Non-linear Activation in Deep Neural Networks,,Hongyang Li;Wanli Ouyang;Xiaogang Wang;,Chinese University of Hong Kong;,Poster,,http://proceedings.mlr.press/v48/lia16.pdf
205,Multi-Player Bandits – a Musical Chairs Approach,,Jonathan Rosenski;Ohad Shamir;Liran Szlak;,Weizmann Institute of Science;,Poster,,http://proceedings.mlr.press/v48/rosenski16.pdf
206,Near Optimal Behavior via Approximate State Abstraction,,David Abel;David Hershkowitz;Michael Littman;,Brown University;,Poster,,http://proceedings.mlr.press/v48/abel16.pdf
207,Network Morphism,,Tao Wei;Changhu Wang;Yong Rui;Chang Wen Chen;,Microsoft;University at Buffalo;,Poster,,http://proceedings.mlr.press/v48/wei16.pdf
208,Neural Variational Inference for Text Processing,,Yishu Miao;Lei Yu;Phil Blunsom;,University of Oxford;DeepMind;,Poster,,http://proceedings.mlr.press/v48/miao16.pdf
209,"No Oops, You Won’t Do It Again: Mechanisms for Self-correction in Crowdsourcing",,Nihar Shah;Dengyong Zhou;,"University of California, Berkeley;Microsoft;",Poster,,http://proceedings.mlr.press/v48/shaha16.pdf
210,No penalty no tears: Least squares in high-dimensional linear models,,Xiangyu Wang;David Dunson;Chenlei Leng;,Duke University;University of Warwick;,Poster,,http://proceedings.mlr.press/v48/wange16.pdf
211,No-Regret Algorithms for Heavy-Tailed Linear Bandits,,Andres Munoz Medina;Scott Yang;,Google;Courant Institute of Mathematical Sciences;,Poster,,http://proceedings.mlr.press/v48/medina16.pdf
212,Noisy Activation Functions,,Caglar Gulcehre;Marcin Moczulski;Misha Denil;Yoshua Bengio;,University of Montreal;University of Oxford;,Poster,,http://proceedings.mlr.press/v48/gulcehre16.pdf
213,Non-negative Matrix Factorization under Heavy Noise,,Chiranjib Bhattacharya;Navin Goyal;Ravindran Kannan;Jagdeep Pani;,Indian Institute of Science;Microsoft;,Poster,,http://proceedings.mlr.press/v48/bhattacharya16.pdf
214,Nonlinear Statistical Learning with Truncated Gaussian Graphical Models,,Qinliang Su;Xuejun Liao;Changyou Chen;Lawrence Carin;,Duke University;,Poster,,http://proceedings.mlr.press/v48/su16.pdf
215,Nonparametric Canonical Correlation Analysis,,Tomer Michaeli;Weiran Wang;Karen Livescu;,Technion–Israel Institute of Technology;Toyota Technological Institute at Chicago;,Poster,,http://proceedings.mlr.press/v48/michaeli16.pdf
216,Normalization Propagation: A Parametric Technique for Removing Internal Covariate Shift in Deep Networks,,Devansh Arpit;Yingbo Zhou;Bhargava Kota;Venu Govindaraju;,State University of New York at Buffalo;,Poster,,http://proceedings.mlr.press/v48/arpitb16.pdf
217,On collapsed representation of hierarchical Completely Random Measures,,Gaurav Pandey;Ambedkar Dukkipati;,Indian Institute of Science;,Poster,,http://proceedings.mlr.press/v48/pandey16.pdf
218,On Graduated Optimization for Stochastic Non-Convex Problems,,Elad Hazan;Kfir Yehuda Levy;Shai Shalev-Shwartz;,Princeton University;Technion - Israel Institute of Technology;Hebrew University of Jerusalem;,Poster,,http://proceedings.mlr.press/v48/hazanb16.pdf
219,On the Analysis of Complex Backup Strategies in Monte Carlo Tree Search,,Piyush Khandelwal;Elad Liebman;Scott Niekum;Peter Stone;,University of Texas at Austin;,Poster,,http://proceedings.mlr.press/v48/khandelwal16.pdf
220,On the Consistency of Feature Selection With Lasso for Non-linear Targets,,Yue Zhang;Weihong Guo;Soumya Ray;,Department of Mathematics;Massachusetts Institute of Technology;,Poster,,http://proceedings.mlr.press/v48/zhanga16.pdf
221,On the Iteration Complexity of Oblivious First-Order Optimization Algorithms,,Yossi Arjevani;Ohad Shamir;,Weizmann Institute of Science;,Poster,,http://proceedings.mlr.press/v48/arjevani16.pdf
222,On the Power and Limits of Distance-Based Learning,,Periklis Papakonstantinou;Jia Xu;Guang Yang;,Rutgers University;Hunter College;City University of New York;Chinese Academy of Sciences;Aarhus University;,Poster,,http://proceedings.mlr.press/v48/papakonstantinou16.pdf
223,On the Quality of the Initial Basin in Overspecified Neural Networks,,Itay Safran;Ohad Shamir;,Weizmann Institute of Science;,Poster,,http://proceedings.mlr.press/v48/safran16.pdf
224,On the Statistical Limits of Convex Relaxations,,Zhaoran Wang;Quanquan Gu;Han Liu;,Princeton University;University of Virginia;,Poster,,http://proceedings.mlr.press/v48/wangc16.pdf
225,One-Shot Generalization in Deep Generative Models,,Danilo Rezende;Shakir;Ivo Danihelka;Karol Gregor;Daan Wierstra;,Google;,Poster,,http://proceedings.mlr.press/v48/rezende16.pdf
226,Online Learning with Feedback Graphs Without the Graphs,,Alon Cohen;Tamir Hazan;Tomer Koren;,Technion—Israel Institute of Technology;,Poster,,http://proceedings.mlr.press/v48/cohena16.pdf
227,Online Low-Rank Subspace Clustering by Basis Dictionary Pursuit,,Jie Shen;Ping Li;Huan Xu;,Rutgers University;National University of Singapore;,Poster,,http://proceedings.mlr.press/v48/shen16.pdf
228,Online Stochastic Linear Optimization under One-bit Feedback,,Lijun Zhang;Tianbao Yang;Rong Jin;Yichi Xiao;Zhi-hua Zhou;,Nanjing University;University of Iowa;Alibaba Group;,Poster,,http://proceedings.mlr.press/v48/zhangb16.pdf
229,Opponent Modeling in Deep Reinforcement Learning,,He He;Jordan Boyd-Graber;Kevin Kwok;Hal Daumé III;,University of Maryland;University of Colorado Boulder;Massachusetts Institute of Technology;,Poster,,http://proceedings.mlr.press/v48/he16.pdf
230,Optimal Classification with Multivariate Losses,,Nagarajan Natarajan;Oluwasanmi Koyejo;Pradeep Ravikumar;Inderjit Dhillon;,Microsoft;Stanford University;University of Illinois Urbana-Champaign;University of Texas at Austin;,Poster,,http://proceedings.mlr.press/v48/natarajan16.pdf
231,Optimality of Belief Propagation for Crowdsourced Classification,,Jungseul Ok;Sewoong Oh;Jinwoo Shin;Yung Yi;,Korea Advanced Institute of Science and Technology;University of Illinois Urbana-Champaign;,Poster,,http://proceedings.mlr.press/v48/ok16.pdf
232,PAC learning of Probabilistic Automaton based on the Method of Moments,,Hadrien Glaude;Olivier Pietquin;,University of Lille;Institut Universitaire de France;Google;,Poster,,http://proceedings.mlr.press/v48/glaude16.pdf
233,PAC Lower Bounds and Efficient Algorithms for The Max K-Armed Bandit Problem,,Yahel David;Nahum Shimkin;,Technion–Israel Institute of Technology;,Poster,,http://proceedings.mlr.press/v48/david16.pdf
234,Parallel and Distributed Block-Coordinate Frank-Wolfe Algorithms,,Yu-Xiang Wang;Veeranjaneyulu Sadhanala;Wei Dai;Willie Neiswanger;Suvrit Sra;Eric Xing;,Carnegie Mellon University;Massachusetts Institute of Technology;,Poster,,http://proceedings.mlr.press/v48/wangd16.pdf
235,Parameter Estimation for Generalized Thurstone Choice Models,,Milan Vojnovic;Seyoung Yun;,Microsoft;,Poster,,http://proceedings.mlr.press/v48/vojnovic16.pdf
236,Pareto Frontier Learning with Expensive Correlated Objectives,,Amar Shah;Zoubin Ghahramani;,University of Cambridge;,Poster,,http://proceedings.mlr.press/v48/shahc16.pdf
237,Partition Functions from Rao-Blackwellized Tempered Sampling,,David Carlson;Patrick Stinson;Ari Pakman;Liam Paninski;,University Affiliation Not Specified;Grossman Center for the Statistics of Mind;,Poster,,http://proceedings.mlr.press/v48/carlson16.pdf
238,PD-Sparse : A Primal and Dual Sparse Approach to Extreme Multiclass and Multilabel Classification,,Ian En-Hsu Yen;Xiangru Huang;Pradeep Ravikumar;Kai Zhong;Inderjit Dhillon;,University of Texas at Austin;,Poster,,http://proceedings.mlr.press/v48/yenb16.pdf
239,Persistence weighted Gaussian kernel for topological data analysis,,Genki Kusano;Yasuaki Hiraoka;Kenji Fukumizu;,Tohoku University;Institute of Statistical Mathematics;,Poster,,http://proceedings.mlr.press/v48/kusano16.pdf
240,Persistent RNNs: Stashing Recurrent Weights On-Chip,,Greg Diamos;Shubho Sengupta;Bryan Catanzaro;Mike Chrzanowski;Adam Coates;Erich Elsen;Jesse Engel;Awni Hannun;Sanjeev Satheesh;,Baidu;,Poster,,http://proceedings.mlr.press/v48/diamos16.pdf
241,PHOG: Probabilistic Model for Code,,Pavol Bielik;Veselin Raychev;Martin Vechev;,ETH Zurich;,Poster,,http://proceedings.mlr.press/v48/bielik16.pdf
242,Pixel Recurrent Neural Networks,,Aäron van den Oord;Nal Kalchbrenner;Koray Kavukcuoglu;,Google;,Poster,,http://proceedings.mlr.press/v48/oord16.pdf
243,Pliable Rejection Sampling,,Akram Erraqabi;Michal Valko;Alexandra Carpentier;Odalric Maillard;,Université de Montréal;INRIA Lille - Nord Europe;University of Potsdam;INRIA;,Poster,,http://proceedings.mlr.press/v48/erraqabi16.pdf
244,Polynomial Networks and Factorization Machines: New Insights and Efficient Training Algorithms,,Mathieu Blondel;Masakazu Ishihata;Akinori Fujino;Naonori Ueda;,NTT Communication Science Laboratories;,Poster,,http://proceedings.mlr.press/v48/blondel16.pdf
245,Power of Ordered Hypothesis Testing,,Lihua Lei;William Fithian;,"University of California, Berkeley;",Poster,,http://proceedings.mlr.press/v48/lei16.pdf
246,Preconditioning Kernel Matrices,,Kurt Cutajar;Michael Osborne;John Cunningham;Maurizio Filippone;,EURECOM;University of Oxford;Columbia University;,Poster,,http://proceedings.mlr.press/v48/cutajar16.pdf
247,Predictive Entropy Search for Multi-objective Bayesian Optimization,,Daniel Hernandez-Lobato;Jose Hernandez-Lobato;Amar Shah;Ryan Adams;,Universidad Autónoma de Madrid;Harvard University;University of Cambridge;,Poster,,http://proceedings.mlr.press/v48/hernandez-lobatoa16.pdf
248,Pricing a Low-regret Seller,,Hoda Heidari;Mohammad Mahdian;Umar Syed;Sergei Vassilvitskii;Sadra Yazdanbod;,University of Pennsylvania;Google;Georgia Institute of Technology;,Poster,,http://proceedings.mlr.press/v48/heidari16.pdf
249,Primal-Dual Rates and Certificates,,Celestine Dünner;Simone Forte;Martin Takac;Martin Jaggi;,IBM;ETH Zurich;Lehigh University;,Poster,,http://proceedings.mlr.press/v48/dunner16.pdf
250,Principal Component Projection Without Principal Component Analysis,,Roy Frostig;Cameron Musco;Christopher Musco;Aaron Sidford;,Stanford University;Massachusetts Institute of Technology;Microsoft;,Poster,,http://proceedings.mlr.press/v48/frostig16.pdf
251,Provable Algorithms for Inference in Topic Models,,Sanjeev Arora;Rong Ge;Frederic Koehler;Tengyu Ma;Ankur Moitra;,Princeton University;Duke University;Massachusetts Institute of Technology;,Poster,,http://proceedings.mlr.press/v48/arorab16.pdf
252,Provable Non-convex Phase Retrieval with Outliers: Median TruncatedWirtinger Flow,,Huishuai Zhang;Yuejie Chi;Yingbin Liang;,Syracuse University;Ohio State University;,Poster,,http://proceedings.mlr.press/v48/zhange16.pdf
253,Quadratic Optimization with Orthogonality Constraints: Explicit Lojasiewicz Exponent and Linear Convergence of Line-Search Methods,,Huikang Liu;Weijie Wu;Anthony Man-Cho So;,Department of Systems Engineering and Engineering Management;,Poster,,http://proceedings.mlr.press/v48/liue16.pdf
254,Recommendations as Treatments: Debiasing Learning and Evaluation,,Tobias Schnabel;Adith Swaminathan;Ashudeep Singh;Navin Chandak;Thorsten Joachims;,Cornell University;,Poster,,http://proceedings.mlr.press/v48/schnabel16.pdf
255,Recovery guarantee of weighted low-rank approximation via alternating minimization,,Yuanzhi Li;Yingyu Liang;Andrej Risteski;,Princeton University;,Poster,,http://proceedings.mlr.press/v48/lii16.pdf
256,Recurrent Orthogonal Networks and Long-Memory Tasks,,Mikael Henaff;Arthur Szlam;Yann LeCun;,New York University;Meta;,Poster,,http://proceedings.mlr.press/v48/henaff16.pdf
257,Recycling Randomness with Structure for Sublinear time Kernel Expansions,,Krzysztof Choromanski;Vikas Sindhwani;,Google;,Poster,,http://proceedings.mlr.press/v48/choromanski16.pdf
258,Representational Similarity Learning with Application to Brain Networks,,Urvashi Oswal;Christopher Cox;Matthew Lambon-Ralph;Timothy Rogers;Robert Nowak;,University of Wisconsin-Madison;University of Manchester;,Poster,,http://proceedings.mlr.press/v48/oswal16.pdf
259,Revisiting Semi-Supervised Learning with Graph Embeddings,,Zhilin Yang;William Cohen;Ruslan Salakhudinov;,Carnegie Mellon University;,Poster,,http://proceedings.mlr.press/v48/yanga16.pdf
260,Rich Component Analysis,,Rong Ge;James Zou;,Duke University;Microsoft;,Poster,,http://proceedings.mlr.press/v48/gea16.pdf
261,Robust Monte Carlo Sampling using Riemannian Nosé-Poincaré Hamiltonian Dynamics,,Anirban Roychowdhury;Brian Kulis;Srinivasan Parthasarathy;,Ohio State University;Boston University;,Poster,,http://proceedings.mlr.press/v48/roychowdhury16.pdf
262,Robust Principal Component Analysis with Side Information,,Kai-Yang Chiang;Cho-Jui Hsieh;Inderjit Dhillon;,University of Texas at Austin;University of California at Davis;,Poster,,http://proceedings.mlr.press/v48/chiang16.pdf
263,Robust Random Cut Forest Based Anomaly Detection on Streams,,Sudipto Guha;Nina Mishra;Gourav Roy;Okke Schrijvers;,University of Pennsylvania;Amazon;Stanford University;,Poster,,http://proceedings.mlr.press/v48/guha16.pdf
264,Scalable Discrete Sampling as a Multi-Armed Bandit Problem,,Yutian Chen;Zoubin Ghahramani;,University of Cambridge;Alan Turing Institute;,Poster,,http://proceedings.mlr.press/v48/chenb16.pdf
265,Scalable Gradient-Based Tuning of Continuous Regularization Hyperparameters,,Jelena Luketina;Mathias Berglund;Klaus Greff;Tapani Raiko;,Aalto University;IDSIA;,Poster,,http://proceedings.mlr.press/v48/luketina16.pdf
266,"SDCA without Duality, Regularization, and Individual Convexity",,Shai Shalev-Shwartz;,Hebrew University of Jerusalem;,Poster,,http://proceedings.mlr.press/v48/shalev-shwartza16.pdf
267,SDNA: Stochastic Dual Newton Ascent for Empirical Risk Minimization,,Zheng Qu;Peter Richtarik;Martin Takac;Olivier Fercoq;,University of Hong Kong;University of Edinburgh;Lehigh University;Universite Paris-Saclay;,Poster,,http://proceedings.mlr.press/v48/qub16.pdf
268,Sequence to Sequence Training of CTC-RNNs with Partial Windowing,,Kyuyeon Hwang;Wonyong Sung;,Seoul National University;,Poster,,http://proceedings.mlr.press/v48/hwanga16.pdf
269,"Shifting Regret, Mirror Descent, and Matrices",,Andras Gyorgy;Csaba Szepesvari;,Imperial College London;University of Alberta;,Poster,,http://proceedings.mlr.press/v48/gyorgy16.pdf
270,Simultaneous Safe Screening of Features and Samples in Doubly Sparse Modeling,,Atsushi Shibagaki;Masayuki Karasuyama;Kohei Hatano;Ichiro Takeuchi;,Nagoya Institute of Technology;Kyushu University;,Poster,,http://proceedings.mlr.press/v48/shibagaki16.pdf
271,Slice Sampling on Hamiltonian Trajectories,,Benjamin Bloem-Reddy;John Cunningham;,Columbia University;,Poster,,http://proceedings.mlr.press/v48/bloem-reddy16.pdf
272,Smooth Imitation Learning for Online Sequence Prediction,,Hoang Le;Andrew Kang;Yisong Yue;Peter Carr;,California Institute of Technology;Disney Research;,Poster,,http://proceedings.mlr.press/v48/le16.pdf
273,Softened Approximate Policy Iteration for Markov Games,,Julien Pérolat;Bilal Piot;Matthieu Geist;Bruno Scherrer;Olivier Pietquin;,University of Lille;GeorgiaTech-CNRS;INRIA;Institut Universitaire de France;,Poster,,http://proceedings.mlr.press/v48/perolat16.pdf
274,Solving Ridge Regression using Sketched Preconditioned SVRG,,Alon Gonen;Francesco Orabona;Shai Shalev-Shwartz;,Hebrew University of Jerusalem;Yahoo;,Poster,,http://proceedings.mlr.press/v48/gonen16.pdf
275,Sparse Nonlinear Regression: Parameter Estimation under Nonconvexity,,Zhuoran Yang;Zhaoran Wang;Han Liu;Yonina Eldar;Tong Zhang;,Princeton University;Israel Institute of Technology;Rutgers University;,Poster,,http://proceedings.mlr.press/v48/yangc16.pdf
276,Sparse Parameter Recovery from Aggregated Data,,Avradeep Bhowmik;Joydeep Ghosh;Oluwasanmi Koyejo;,University of Texas at Austin;Stanford University;University of Illinois Urbana-Champaign;,Poster,,http://proceedings.mlr.press/v48/bhowmik16.pdf
277,Speeding up k-means by approximating Euclidean distances via block vectors,,Thomas Bottesch;Thomas Bühler;Markus Kächele;,Avira Operations GmbH & Co. KG;Ulm University;,Poster,,http://proceedings.mlr.press/v48/bottesch16.pdf
278,Square Root Graphical Models: Multivariate Generalizations of Univariate Exponential Families that Permit Positive Dependencies,,David Inouye;Pradeep Ravikumar;Inderjit Dhillon;,University of Texas at Austin;,Poster,,http://proceedings.mlr.press/v48/inouye16.pdf
279,Stability of Controllers for Gaussian Process Forward Models,,Julia Vinogradska;Bastian Bischoff;Duy Nguyen-Tuong;Anne Romer;Henner Schmidt;Jan Peters;,Robert Bosch GmbH;Technische Universität Darmstadt;Max Planck Institute for Intelligent Systems;,Poster,,http://proceedings.mlr.press/v48/vinogradska16.pdf
280,Starting Small - Learning with Adaptive Sample Sizes,,Hadi Daneshmand;Aurelien Lucchi;Thomas Hofmann;,ETH Zurich;,Poster,,http://proceedings.mlr.press/v48/daneshmand16.pdf
281,Stochastic Block BFGS: Squeezing More Curvature out of Data,,Robert Gower;Donald Goldfarb;Peter Richtarik;,;Columbia University;University of Edinburgh;,Poster,,http://proceedings.mlr.press/v48/gower16.pdf
282,Stochastic Discrete Clenshaw-Curtis Quadrature,,Nico Piatkowski;Katharina Morik;,Technische Universität Dortmund;,Poster,,http://proceedings.mlr.press/v48/piatkowski16.pdf
283,Stochastic Optimization for Multiview Representation Learning using Partial Least Squares,,Raman Arora;Poorya Mianjy;Teodor Marinov;,Johns Hopkins University;University of Edinburgh;,Poster,,http://proceedings.mlr.press/v48/aroraa16.pdf
284,Stochastic Quasi-Newton Langevin Monte Carlo,,Umut Simsekli;Roland Badeau;Taylan Cemgil;Gaël Richard;,CNRS;Bo?aziçi University;,Poster,,http://proceedings.mlr.press/v48/simsekli16.pdf
285,Stochastic Variance Reduced Optimization for Nonconvex Sparse Learning,,Xingguo Li;Tuo Zhao;Raman Arora;Han Liu;Jarvis Haupt;,University of Minnesota;Johns Hopkins University;Princeton University;,Poster,,http://proceedings.mlr.press/v48/lid16.pdf
286,Stochastic Variance Reduction for Nonconvex Optimization,,Sashank J. Reddi;Ahmed Hefny;Suvrit Sra;Barnabas Poczos;Alex Smola;,Carnegie Mellon University;Massachusetts Institute of Technology;,Poster,,http://proceedings.mlr.press/v48/reddi16.pdf
287,Stochastically Transitive Models for Pairwise Comparisons: Statistical and Computational Issues,,Nihar Shah;Sivaraman Balakrishnan;Aditya Guntuboyina;Martin Wainwright;,"University of California, Berkeley;Carnegie Mellon University;",Poster,,http://proceedings.mlr.press/v48/shahb16.pdf
288,Stratified Sampling Meets Machine Learning,,Edo Liberty;Kevin Lang;Konstantin Shmakov;,Yahoo;,Poster,,http://proceedings.mlr.press/v48/liberty16.pdf
289,Strongly-Typed Recurrent Neural Networks,,David Balduzzi;Muhammad Ghifary;,Victoria University of Wellington;Weta Digital;,Poster,,http://proceedings.mlr.press/v48/balduzzi16.pdf
290,Structure Learning of Partitioned Markov Networks,,Song Liu;Taiji Suzuki;Masashi Sugiyama;Kenji Fukumizu;,Institute of Statistical Mathematics;Tokyo Institute of Technology;Japan Science and Technological Agency;University of Tokyo;,Poster,,http://proceedings.mlr.press/v48/liuc16.pdf
291,Structured and Efficient Variational Deep Learning with Matrix Gaussian Posteriors,,Christos Louizos;Max Welling;,University of Amsterdam;Canadian Institute for Advanced Research;,Poster,,http://proceedings.mlr.press/v48/louizos16.pdf
292,Structured Prediction Energy Networks,,David Belanger;Andrew McCallum;,University of Massachusetts Amherst;,Poster,,http://proceedings.mlr.press/v48/belanger16.pdf
293,Supervised and Semi-Supervised Text Categorization using LSTM for Region Embeddings,,Rie Johnson;Tong Zhang;,RJ Research Consulting;Baidu;,Poster,,http://proceedings.mlr.press/v48/johnson16.pdf
294,Tensor Decomposition via Joint Matrix Schur Decomposition,,Nicolo Colombo;Nikos Vlassis;,University of Luxembourg;Adobe;,Poster,,http://proceedings.mlr.press/v48/colombo16.pdf
295,Texture Networks: Feed-forward Synthesis of Textures and Stylized Images,,Dmitry Ulyanov;Vadim Lebedev;Andrea;Victor Lempitsky;,Skoltech;University of Oxford;Skolkovo Institute of Science and Technology;,Poster,,http://proceedings.mlr.press/v48/ulyanov16.pdf
296,The Arrow of Time in Multivariate Time Series,,Stefan Bauer;Bernhard Schölkopf;Jonas Peters;,ETH Zurich;Max Planck Institute for Intelligent Systems;,Poster,,http://proceedings.mlr.press/v48/bauer16.pdf
297,The Information Sieve,,Greg Ver Steeg;Aram Galstyan;,University of Southern California;,Poster,,http://proceedings.mlr.press/v48/steeg16.pdf
298,The Information-Theoretic Requirements of Subspace Clustering with Missing Data,,Daniel Pimentel-Alarcon;Robert Nowak;,University of Wisconsin-Madison;,Poster,,http://proceedings.mlr.press/v48/pimentel-alarcon16.pdf
299,The knockoff filter for FDR control in group-sparse and multitask regression,,Ran Dai;Rina Barber;,University of Chicago;,Poster,,http://proceedings.mlr.press/v48/daia16.pdf
300,The Knowledge Gradient for Sequential Decision Making with Stochastic Binary Feedbacks,,Yingfei Wang;Chu Wang;Warren Powell;,Princeton University;,Poster,,http://proceedings.mlr.press/v48/wangb16.pdf
301,The Label Complexity of Mixed-Initiative Classifier Training,,Jina Suh;Xiaojin Zhu;Saleema Amershi;,Microsoft;University of Wisconsin–Madison;,Poster,,http://proceedings.mlr.press/v48/suh16.pdf
302,"The Segmented iHMM: A Simple, Efficient Hierarchical Infinite HMM",,Ardavan Saeedi;Matthew Hoffman;Matthew Johnson;Ryan Adams;,"Massachusetts Institute of Technology;Adobe;Harvard University;Twitter, Inc.;",Poster,,http://proceedings.mlr.press/v48/saeedi16.pdf
303,The Sum-Product Theorem: A Foundation for Learning Tractable Models,,Abram Friesen;Pedro Domingos;,University of Washington;,Poster,,http://proceedings.mlr.press/v48/friesen16.pdf
304,The Teaching Dimension of Linear Learners,,Ji Liu;Xiaojin Zhu;Hrag Ohannessian;,University of Rochester;University of Wisconsin-Madison;,Poster,,http://proceedings.mlr.press/v48/liua16.pdf
305,The Variational Nystrom method for large-scale spectral problems,,Max Vladymyrov;Miguel Carreira-Perpinan;,"Google;University of California, Merced;",Poster,,http://proceedings.mlr.press/v48/vladymyrov16.pdf
306,Towards Faster Rates and Oracle Property for Low-Rank Matrix Estimation,,Huan Gui;Jiawei Han;Quanquan Gu;,University of Illinois Urbana-Champaign;University of Virginia;,Poster,,http://proceedings.mlr.press/v48/gui16.pdf
307,Tracking Slowly Moving Clairvoyant: Optimal Dynamic Regret of Online Learning with True and Noisy Gradient,,Tianbao Yang;Lijun Zhang;Rong Jin;Jinfeng Yi;,University of Iowa;Nanjing University;Alibaba Group;IBM;,Poster,,http://proceedings.mlr.press/v48/yangb16.pdf
308,Train and Test Tightness of LP Relaxations in Structured Prediction,,Ofer Meshi;Mehrdad Mahdavi;Adrian Weller;David Sontag;,Toyota Technological Institute at Chicago;University of Cambridge;New York University;,Poster,,http://proceedings.mlr.press/v48/meshi16.pdf
309,"Train faster, generalize better: Stability of stochastic gradient descent",,Moritz Hardt;Ben Recht;Yoram Singer;,"Google;University of California, Berkeley;",Poster,,http://proceedings.mlr.press/v48/hardt16.pdf
310,Training Deep Neural Networks via Direct Loss Minimization,,Yang Song;Alexander Schwing;Richard;Raquel Urtasun;,Tsinghua University;University of Toronto;,Poster,,http://proceedings.mlr.press/v48/songb16.pdf
311,Training Neural Networks Without Gradients: A Scalable ADMM Approach,,Gavin Taylor;Ryan Burmeister;Zheng Xu;Bharat Singh;Ankit Patel;Tom Goldstein;,United States Naval Academy;University of Maryland;Rice University;,Poster,,http://proceedings.mlr.press/v48/taylor16.pdf
312,Truthful Univariate Estimators,,Ioannis Caragiannis;Ariel Procaccia;Nisarg Shah;,University of Patras;Carnegie Mellon University;,Poster,,http://proceedings.mlr.press/v48/caragiannis16.pdf
313,Understanding and Improving Convolutional Neural Networks via Concatenated Rectified Linear Units,,Wenling Shang;Kihyuk Sohn;Diogo Almeida;Honglak Lee;,University of Michigan;Oculus VR;NEC Laboratories America;Enlitic;,Poster,,http://proceedings.mlr.press/v48/shang16.pdf
314,Unitary Evolution Recurrent Neural Networks,,Martin Arjovsky;Amar Shah;Yoshua Bengio;,Universidad de Buenos Aires;University of Cambridge;Université de Montréal;,Poster,,http://proceedings.mlr.press/v48/arjovsky16.pdf
315,Unsupervised Deep Embedding for Clustering Analysis,,Junyuan Xie;Ross Girshick;Ali Farhadi;,University of Washington;Meta;,Poster,,http://proceedings.mlr.press/v48/xieb16.pdf
316,Uprooting and Rerooting Graphical Models,,Adrian Weller;,University of Cambridge;,Poster,,http://proceedings.mlr.press/v48/weller16.pdf
317,Variable Elimination in the Fourier Domain,,Yexiang Xue;Stefano Ermon;Ronan Le Bras;Carla;Bart Selman;,,Poster,,http://proceedings.mlr.press/v48/xue16.pdf
318,Variance Reduction for Faster Non-Convex Optimization,,Zeyuan Allen-Zhu;Elad Hazan;,Princeton University;,Poster,,http://proceedings.mlr.press/v48/allen-zhua16.pdf
319,Variance-Reduced and Projection-Free Stochastic Optimization,,Elad Hazan;Haipeng Luo;,Princeton University;,Poster,,http://proceedings.mlr.press/v48/hazana16.pdf
320,Variational Inference for Monte Carlo Objectives,,Andriy Mnih;Danilo Rezende;,Google;,Poster,,http://proceedings.mlr.press/v48/mnihb16.pdf
321,"Why Most Decisions Are Easy in Tetris—And Perhaps in Other Sequential Decision Problems, As Well",,Özgür Şimşek;Simón Algorta;Amit Kothiyal;,Max Planck Institute for Human Development;,Poster,,http://proceedings.mlr.press/v48/simsek16.pdf
322,Why Regularized Auto-Encoders learn Sparse Representation?,,Devansh Arpit;Yingbo Zhou;Hung Ngo;Venu Govindaraju;,State University of New York at Buffalo;,Poster,,http://proceedings.mlr.press/v48/arpita16.pdf
