Index,Title,Authors,Affiliation,Status,Link
1,3D Object Proposals for Accurate Object Class Detection,"Xiaozhi Chen, Kaustav Kundu, Yukun Zhu, Andrew G Berneshawi, Huimin Ma, Sanja Fidler, Raquel Urtasun",Tsinghua University; University of Toronto,Poster,https://nips.cc/virtual/2015/poster/5492
2,A Bayesian Framework for Modeling Confidence in Perceptual Decision Making,"Koosha Khalvati, Rajesh P. Rao",University of Washington,Poster,https://nips.cc/virtual/2015/poster/5671
3,A class of network models recoverable by spectral clustering,"Yali Wan, Marina Meila",University of Washington,Poster,https://nips.cc/virtual/2015/poster/5745
4,A Complete Recipe for Stochastic Gradient MCMC,"Yi-An Ma, Tianqi Chen, Emily B. Fox",University of Washington,Poster,https://nips.cc/virtual/2015/poster/5714
5,A Convergent Gradient Descent Algorithm for Rank Minimization and Semidefinite Programming from Random Linear Measurements,"Qinqing Zheng, John Lafferty",University of Chicago,Poster,https://nips.cc/virtual/2015/poster/5465
6,A Dual Augmented Block Minimization Framework for Learning with Limited Memory,"Ian En-Hsu Yen, Shan-Wei Lin, Shou-De Lin",University of Texas at Austin; National Taiwan University,Poster,https://nips.cc/virtual/2015/poster/5773
7,"A fast, universal algorithm to learn parametric nonlinear embeddings","Miguel A. Carreira-Perpinan, Max Vladymyrov","University of California, Merced; Yahoo",Poster,https://nips.cc/virtual/2015/poster/5475
8,A Framework for Individualizing Predictions of Disease Trajectories by Exploiting Multi-Resolution Structure,"Peter Schulam, Suchi Saria",Johns Hopkins University,Poster,https://nips.cc/virtual/2015/poster/5521
9,A Gaussian Process Model of Quasar Spectral Energy Distributions,"Andrew Miller, Albert Wu, Jeff Regier, Jon McAuliffe, Dustin Lang, Mr. Prabhat, David Schlegel, Ryan P. Adams","Harvard University; University of California, Berkeley; Carnegie Mellon University; Lawrence Berkeley National Laboratory",Poster,https://nips.cc/virtual/2015/poster/5679
10,A Generalization of Submodular Cover via the Diminishing Return Property on the Integer Lattice,"Tasuku Soma, Yuichi Yoshida","University of Tokyo; National Institute of Informatics; Preferred Infrastructure, Inc.",Poster,https://nips.cc/virtual/2015/poster/5530
11,A hybrid sampler for Poisson-Kingman mixture models,"Maria Lomeli, Stefano Favaro, Yee Whye Teh",University College London; University of Torino; University of Oxford,Poster,https://nips.cc/virtual/2015/poster/5646
12,A Market Framework for Eliciting Private Data,"Bo Waggoner, Rafael Frongillo, Jacob D. Abernethy",Harvard University; University of Colorado; University of Michigan,Poster,https://nips.cc/virtual/2015/poster/5765
13,A Nonconvex Optimization Framework for Low Rank Matrix Estimation,"Tuo Zhao, Zhaoran Wang, Han Liu",Johns Hopkins University; Princeton University,Poster,https://nips.cc/virtual/2015/poster/5505
14,A Normative Theory of Adaptive Dimensionality Reduction in Neural Networks,"Cengiz Pehlevan, Dmitri Chklovskii",Simons Foundation,Poster,https://nips.cc/virtual/2015/poster/5658
15,A Pseudo-Euclidean Iteration for Optimal Recovery in Noisy ICA,"James R Voss, Mikhail Belkin, Luis Rademacher",Ohio State University,Poster,https://nips.cc/virtual/2015/poster/5710
16,A Recurrent Latent Variable Model for Sequential Data,"Junyoung Chung, Kyle Kastner, Laurent Dinh, Kratarth Goel, Aaron C. Courville, Yoshua Bengio",Université de Montréal; CIFAR,Poster,https://nips.cc/virtual/2015/poster/5720
17,A Reduced-Dimension fMRI Shared Response Model,"Po-Hsuan (Cameron) Chen, Janice Chen, Yaara Yeshurun, Uri Hasson, James Haxby, Peter J. Ramadge",,Oral,https://nips.cc/virtual/2015/poster/5871
18,A Structural Smoothing Framework For Robust Graph Comparison,"Pinar Yanardag, S.V.N. Vishwanathan",Purdue University; University of California,Poster,https://nips.cc/virtual/2015/poster/5644
19,A Theory of Decision Making Under Dynamic Context,"Michael Shvartsman, Vaibhav Srivastava, Jonathan D. Cohen",Princeton University,Poster,https://nips.cc/virtual/2015/poster/5678
20,A Tractable Approximation to Optimal Point Process Filtering: Application to Neural Encoding,"Yuval Harel, Ron Meir, Manfred Opper",Technion – Israel Institute of Technology; Technical University Berlin,Spotlight,https://nips.cc/virtual/2015/poster/5874
21,A Universal Catalyst for First-Order Optimization,"Hongzhou Lin, Julien Mairal, Zaid Harchaoui",INRIA; New York University,Poster,https://nips.cc/virtual/2015/poster/5755
22,A Universal Primal-Dual Convex Optimization Framework,"Alp Yurtsever, Quoc Tran Dinh, Volkan Cevher",EPFL; University of North Carolina,Poster,https://nips.cc/virtual/2015/poster/5734
23,Accelerated Mirror Descent in Continuous and Discrete Time,"Walid Krichene, Alexandre Bayen, Peter L Bartlett","University of California, Berkeley; Queensland University of Technology",Spotlight,https://nips.cc/virtual/2015/poster/5883
24,Accelerated Proximal Gradient Methods for Nonconvex Programming,"Huan Li, Zhouchen Lin",Peking University; Shanghai Jiao Tong University,Poster,https://nips.cc/virtual/2015/poster/5487
25,Action-Conditional Video Prediction using Deep Networks in Atari Games,"Junhyuk Oh, Xiaoxiao Guo, Honglak Lee, Richard L. Lewis, Satinder Singh",University of Michigan,Spotlight,https://nips.cc/virtual/2015/poster/5869
26,Active Learning from Weak and Strong Labelers,"Chicheng Zhang, Kamalika Chaudhuri","University of California, San Diego",Poster,https://nips.cc/virtual/2015/poster/5517
27,Adaptive Low-Complexity Sequential Inference for Dirichlet Process Mixture Models,"Theodoros Tsiligkaridis, Theodoros Tsiligkaridis, Keith Forsythe",,Poster,https://nips.cc/virtual/2015/poster/5457
28,Adaptive Online Learning,"Dylan J Foster, Alexander Rakhlin, Karthik Sridharan",Cornell University; University of Pennsylvania,Spotlight,https://nips.cc/virtual/2015/poster/5886
29,Adaptive Primal-Dual Splitting Methods for Statistical Learning and Image Processing,"Tom Goldstein, Min Li, Xiaoming Yuan","University of Maryland, College Park; Southeast University; Hong Kong Baptist University",Poster,https://nips.cc/virtual/2015/poster/5641
30,Adaptive Stochastic Optimization: From Sets to Paths,"Zhan Wei Lim, David Hsu, Wee Sun Lee",National University of Singapore,Poster,https://nips.cc/virtual/2015/poster/5596
31,Adversarial Prediction Games for Multivariate Losses,"Hong Wang, Wei Xing, Kaiser Asif, Brian Ziebart",University of Illinois at Chicago,Poster,https://nips.cc/virtual/2015/poster/5699
32,Algorithmic Stability and Uniform Generalization,Ibrahim M Alabdulmohsin,King Abdullah University of Science and Technology,Poster,https://nips.cc/virtual/2015/poster/5456
33,Algorithms with Logarithmic or Sublinear Regret for  Constrained Contextual Bandits,"Huasen Wu, R. Srikant, Xin Liu, Chong Jiang","University of California, Davis; University of Illinois Urbana-Champaign",Poster,https://nips.cc/virtual/2015/poster/5493
34,Alternating Minimization for Regression Problems with Vector-valued Outputs,"Prateek Jain, Ambuj Tewari",,Poster,https://nips.cc/virtual/2015/poster/5557
35,An Active Learning Framework using Sparse-Graph Codes for Sparse Polynomials and Graph Sketching,"Xiao Li, Kannan Ramchandran","University of California, Berkeley",Poster,https://nips.cc/virtual/2015/poster/5647
36,Analysis of Robust PCA via Local Incoherence,"Huishuai Zhang, Yi Zhou, Yingbin Liang",Syracuse University,Poster,https://nips.cc/virtual/2015/poster/5619
37,Anytime Influence Bounds and the Explosive Behavior of Continuous-Time Diffusion Networks,"Kevin Scaman, Rémi Lemonnier, Nicolas Vayatis",École Normale Supérieure de Cachan; 1000mercis,Poster,https://nips.cc/virtual/2015/poster/5636
38,Approximating Sparse PCA from Incomplete Data,"ABHISEK KUNDU, Petros Drineas, Malik Magdon-Ismail",Rensselaer Polytechnic Institute,Poster,https://nips.cc/virtual/2015/poster/5488
39,Are You Talking to a Machine? Dataset and Methods for Multilingual Image Question,"Haoyuan Gao, Junhua Mao, Jie Zhou, Zhiheng Huang, Lei Wang, Wei Xu","Baidu; University of California, Los Angeles",Poster,https://nips.cc/virtual/2015/poster/5661
40,Associative Memory via a Sparse Recovery Model,"Arya Mazumdar, Ankit Singh Rawat",University of Minnesota; Carnegie Mellon University; University of Texas at Austin,Poster,https://nips.cc/virtual/2015/poster/5696
41,Asynchronous Parallel Stochastic Gradient for Nonconvex Optimization,"Xiangru Lian, Yijun Huang, Yuncheng Li, Ji Liu",University of Rochester,Spotlight,https://nips.cc/virtual/2015/poster/5823
42,Asynchronous stochastic convex optimization: the noise is in the noise and SGD don't care,"Sorathan Chaturapruek, John C. Duchi, Christopher Ré","University Affiliation Not Specified; University of California, Berkeley",Poster,https://nips.cc/virtual/2015/poster/5591
43,Attention-Based Models for Speech Recognition,"Jan K Chorowski, Dzmitry Bahdanau, Dmitriy Serdyuk, Kyunghyun Cho, Yoshua Bengio",University of Wroc?aw; Jacobs University; Université de Montréal; CIFAR,Spotlight,https://nips.cc/virtual/2015/poster/5856
44,Attractor Network Dynamics Enable Preplay and Rapid Path Planning in Maze–like Environments,"Dane S Corneil, Wulfram Gerstner",EPFL,Oral,https://nips.cc/virtual/2015/poster/5861
45,Automatic Variational Inference in Stan,"Alp Kucukelbir, Rajesh Ranganath, Andrew Gelman, David Blei",Columbia University; Princeton University,Spotlight,https://nips.cc/virtual/2015/poster/5810
46,b-bit Marginal Regression,"Martin Slawski, Ping Li","University of California, Berkeley; Rutgers University",Spotlight,https://nips.cc/virtual/2015/poster/5831
47,Backpropagation for Energy-Efficient Neuromorphic Computing,"Steve K Esser, Rathinakumar Appuswamy, Paul Merolla, John V. Arthur, Dharmendra S Modha",IBM,Spotlight,https://nips.cc/virtual/2015/poster/5864
48,BACKSHIFT: Learning causal cyclic graphs from unknown shift interventions,"Dominik Rothenhäusler, Christina Heinze, Jonas Peters, Nicolai Meinshausen",ETH Zurich; Max Planck Institute for Intelligent Systems,Poster,https://nips.cc/virtual/2015/poster/5589
49,Bandit Smooth Convex Optimization: Improving the Bias-Variance Tradeoff,"Ofer Dekel, Ronen Eldan, Tomer Koren",Microsoft; Weizmann Institute of Science; Technion - Israel Institute of Technology,Spotlight,https://nips.cc/virtual/2015/poster/5885
50,Bandits with Unobserved Confounders: A Causal Approach,"Elias Bareinboim, Andrew Forney, Judea Pearl","Purdue University; University of California, Los Angeles",Poster,https://nips.cc/virtual/2015/poster/5575
51,Barrier Frank-Wolfe for Marginal Inference,"Rahul G Krishnan, Simon Lacoste-Julien, David Sontag",,Poster,https://nips.cc/virtual/2015/poster/5503
52,Basis refinement strategies for linear value function approximation in MDPs,"Gheorghe Comanici, Doina Precup, Prakash Panangaden",McGill University,Poster,https://nips.cc/virtual/2015/poster/5712
53,Bayesian Active Model Selection with an Application to Automated Audiometry,"Jacob Gardner, Gustavo Malkomes, Roman Garnett, Kilian Q. Weinberger, Dennis Barbour, John P. Cunningham",Cornell University; Washington University in St. Louis; Columbia University,Poster,https://nips.cc/virtual/2015/poster/5668
54,Bayesian dark knowledge,"Anoop Korattikara Balan, Vivek Rathod, Kevin P. Murphy, Max Welling",Google; University of Amsterdam,Poster,https://nips.cc/virtual/2015/poster/5760
55,Bayesian Manifold Learning: The Locally Linear Latent Variable Model (LL-LVM),"Mijung Park, Wittawat Jitkrittum, Ahmad Qamar, Zoltan Szabo, Lars Buesing, Maneesh Sahani",University College London; Thread Genius; Google,Poster,https://nips.cc/virtual/2015/poster/5469
56,Bayesian Optimization with Exponential Convergence,"Kenji Kawaguchi, Leslie Pack Kaelbling, Tomás Lozano-Pérez",Massachusetts Institute of Technology,Poster,https://nips.cc/virtual/2015/poster/5706
57,Beyond Convexity: Stochastic Quasi-Convex Optimization,"Elad Hazan, Kfir Levy, Shai Shalev-Shwartz",Princeton University; Technion - Israel Institute of Technology; Hebrew University of Jerusalem,Poster,https://nips.cc/virtual/2015/poster/5597
58,Beyond Sub-Gaussian Measurements: High-Dimensional Structured Estimation with Sub-Exponential Designs,"Vidyashankar Sivakumar, Arindam Banerjee, Pradeep K Ravikumar",University of Minnesota; University of Texas at Austin,Poster,https://nips.cc/virtual/2015/poster/5651
59,Bidirectional Recurrent Convolutional Networks for Multi-Frame Super-Resolution,"Yan Huang, Wei Wang, Liang Wang",National Laboratory of Pattern Recognition; Chinese Academy of Sciences,Poster,https://nips.cc/virtual/2015/poster/5473
60,Bidirectional Recurrent Neural Networks as Generative Models,"Mathias Berglund, Tapani Raiko, Mikko Honkala, Leo Kärkkäinen, Akos Vetek, Juha T Karhunen",,Poster,https://nips.cc/virtual/2015/poster/5531
61,BinaryConnect: Training Deep Neural Networks with binary weights during propagations,"Matthieu Courbariaux, Yoshua Bengio, Jean-Pierre David",Ecole Polytechnique de Montréal; Université de Montréal,Poster,https://nips.cc/virtual/2015/poster/5733
62,Biologically Inspired Dynamic Textures for Probing Motion Perception,"Jonathan Vacher, Andrew Isaac Meso, Laurent U Perrinet, Gabriel Peyré",CNRS UNIC and Ceremade; Aix-Marseille University; CNRS,Spotlight,https://nips.cc/virtual/2015/poster/5803
63,Black-box optimization of noisy functions with unknown smoothness,"Jean-Bastien Grill, Michal Valko, Remi Munos, Remi Munos",,Poster,https://nips.cc/virtual/2015/poster/5514
64,Bounding errors of Expectation-Propagation,"Guillaume P Dehaene, Simon Barthelmé",University of Geneva; CNRS,Poster,https://nips.cc/virtual/2015/poster/5474
65,Bounding the Cost of Search-Based Lifted Inference,"David B Smith, Vibhav G Gogate",University of Texas at Dallas,Poster,https://nips.cc/virtual/2015/poster/5540
66,Calibrated Structured Prediction,"Volodymyr Kuleshov, Percy Liang",Stanford University,Poster,https://nips.cc/virtual/2015/poster/5762
67,Character-level Convolutional Networks for Text Classification,"Xiang Zhang, Junbo Zhao, Yann LeCun",,Poster,https://nips.cc/virtual/2015/poster/5512
68,Closed-form Estimators for High-dimensional Generalized Linear Models,"Eunho Yang, Aurelie C. Lozano, Pradeep K Ravikumar",IBM; University of Texas at Austin,Spotlight,https://nips.cc/virtual/2015/poster/5835
69,COEVOLVE: A Joint Point Process Model for Information Diffusion and Network Co-evolution,"Mehrdad Farajtabar, Yichen Wang, Manuel Gomez Rodriguez, Shuang Li, Hongyuan Zha, Le Song",Georgia Institute of Technology; Max Planck Institute for Software Systems,Oral,https://nips.cc/virtual/2015/poster/5805
70,Collaborative Filtering with Graph Information: Consistency and Scalable Methods,"Nikhil Rao, Hsiang-Fu Yu, Pradeep K Ravikumar, Inderjit S Dhillon",Unknown Institution,Spotlight,https://nips.cc/virtual/2015/poster/5898
71,Collaboratively Learning Preferences from Ordinal Data,"Sewoong Oh, Kiran K Thekumparampil, Jiaming Xu",University of Illinois Urbana-Champaign; University of Pennsylvania,Poster,https://nips.cc/virtual/2015/poster/5628
72,Color Constancy by Learning to Predict Chromaticity from Luminance,Ayan Chakrabarti,Toyota Technological Institute at Chicago,Spotlight,https://nips.cc/virtual/2015/poster/5867
73,Column Selection via Adaptive Sampling,"Saurabh Paul, Malik Magdon-Ismail, Petros Drineas",Paypal Inc.; Rensselaer Polytechnic Institute,Poster,https://nips.cc/virtual/2015/poster/5490
74,Combinatorial Bandits Revisited,"Richard Combes, Mohammad Sadegh Talebi Mazraeh Shahi, Alexandre Proutiere, marc lelarge",Centrale-Supelec; KTH Royal Institute of Technology; INRIA,Poster,https://nips.cc/virtual/2015/poster/5642
75,Combinatorial Cascading Bandits,"Branislav Kveton, Zheng Wen, Azin Ashkan, Csaba Szepesvari",Adobe; Yahoo; Technicolor; University of Alberta,Poster,https://nips.cc/virtual/2015/poster/5584
76,Communication Complexity of Distributed Convex Learning and Optimization,"Yossi Arjevani, Ohad Shamir",Weizmann Institute of Science,Poster,https://nips.cc/virtual/2015/poster/5612
77,Community Detection via Measure Space Embedding,"Mark Kozdoba, Shie Mannor",Technion,Poster,https://nips.cc/virtual/2015/poster/5711
78,Competitive Distribution Estimation: Why is Good-Turing Good,"Alon Orlitsky, Ananda Theertha Suresh","University of California, San Diego",Oral,https://nips.cc/virtual/2015/poster/5836
79,Compressive spectral embedding: sidestepping the SVD,"Dinesh Ramasamy, Upamanyu Madhow","University of California, Santa Barbara",Poster,https://nips.cc/virtual/2015/poster/5504
80,Consistent Multilabel Classification,"Oluwasanmi O Koyejo, Nagarajan Natarajan, Pradeep K Ravikumar, Inderjit S Dhillon",Stanford University; University of Texas at Austin,Poster,https://nips.cc/virtual/2015/poster/5749
81,Convergence Analysis of Prediction Markets via Randomized Subspace Descent,"Rafael Frongillo, Mark D. Reid",University of Colorado; Australian National University,Poster,https://nips.cc/virtual/2015/poster/5725
82,Convergence Rates of Active Learning for Maximum Likelihood Estimation,"Kamalika Chaudhuri, Sham M. Kakade, Praneeth Netrapalli, Sujay Sanghavi","University of California, San Diego; University of Washington; Microsoft; University of Texas at Austin",Poster,https://nips.cc/virtual/2015/poster/5555
83,Convergence rates of sub-sampled Newton methods,"Murat A Erdogdu, Andrea Montanari",Stanford University,Poster,https://nips.cc/virtual/2015/poster/5727
84,Convolutional LSTM Network: A Machine Learning Approach for Precipitation Nowcasting,"Xingjian SHI, Zhourong Chen, Hao Wang, Dit-Yan Yeung, Wai-kin Wong, Wang-chun WOO",Hong Kong University of Science and Technology; Hong Kong Observatory,Poster,https://nips.cc/virtual/2015/poster/5527
85,Convolutional Networks on Graphs for Learning Molecular Fingerprints,"David K. Duvenaud, Dougal Maclaurin, Jorge Iparraguirre, Rafael Bombarell, Timothy Hirzel, Alan Aspuru-Guzik, Ryan P. Adams",Harvard University,Poster,https://nips.cc/virtual/2015/poster/5653
86,Convolutional Neural Networks with Intra-Layer Recurrent Connections for Scene Labeling,"Ming Liang, Xiaolin Hu, Bo Zhang",Tsinghua University; University of Cambridge,Poster,https://nips.cc/virtual/2015/poster/5539
87,Convolutional spike-triggered covariance analysis for neural subunit models,"Anqi Wu, Ill Memming Park, Jonathan W Pillow",Princeton University; Stony Brook University,Poster,https://nips.cc/virtual/2015/poster/5526
88,Copeland Dueling Bandits,"Masrour Zoghi, Zohar S Karnin, Shimon Whiteson, Maarten de Rijke",University of Amsterdam; Yahoo; University of Oxford,Poster,https://nips.cc/virtual/2015/poster/5480
89,Copula variational inference,"Dustin Tran, David Blei, Edoardo M. Airoldi",,Poster,https://nips.cc/virtual/2015/poster/5771
90,Cornering Stationary and Restless Mixing Bandits with Remix-UCB,"Julien Audiffren, Liva Ralaivola",Paris Saclay University; Aix Marseille University,Poster,https://nips.cc/virtual/2015/poster/5751
91,Covariance-Controlled Adaptive Langevin Thermostat for Large-Scale Bayesian Sampling,"Xiaocheng Shang, Zhanxing Zhu, Benedict Leimkuhler, Amos J. Storkey",University of Edinburgh,Poster,https://nips.cc/virtual/2015/poster/5458
92,Cross-Domain Matching for Bag-of-Words Data via Kernel Embeddings of Latent Distributions,"Yuya Yoshikawa, Tomoharu Iwata, Hiroshi Sawada, Takeshi Yamada",Nara Institute of Science and Technology; Nara; Chiba Institute of Technology; NTT Communication Science Laboratories; NTT Service Evolution Laboratories,Poster,https://nips.cc/virtual/2015/poster/5580
93,Data Generation as Sequential Decision Making,"Philip Bachman, Doina Precup",McGill University,Spotlight,https://nips.cc/virtual/2015/poster/5811
94,Decomposition Bounds for Marginal MAP,"Wei Ping, Qiang Liu, Alex Ihler","University of California, Irvine; Dartmouth College",Poster,https://nips.cc/virtual/2015/poster/5743
95,Decoupled Deep Neural Network for Semi-supervised Semantic Segmentation,"Seunghoon Hong, Hyeonwoo Noh, Bohyung Han",POSTECH,Spotlight,https://nips.cc/virtual/2015/poster/5868
96,Deep Convolutional Inverse Graphics Network,"Tejas D Kulkarni, William F. Whitney, Pushmeet Kohli, Josh Tenenbaum",Massachusetts Institute of Technology; Microsoft,Spotlight,https://nips.cc/virtual/2015/poster/5857
97,Deep Generative Image Models using a ￼Laplacian Pyramid of Adversarial Networks,"Emily L Denton, Soumith Chintala, arthur szlam, Rob Fergus",New York University; Meta,Poster,https://nips.cc/virtual/2015/poster/5588
98,Deep Knowledge Tracing,"Chris Piech, Jonathan Bassen, Jonathan Huang, Surya Ganguli, Mehran Sahami, Leonidas Guibas, Jascha Sohl-Dickstein",,Poster,https://nips.cc/virtual/2015/poster/5500
99,Deep learning with Elastic Averaging SGD,"Sixin Zhang, Anna E Choromanska, Yann LeCun",New York University; Meta,Spotlight,https://nips.cc/virtual/2015/poster/5813
100,Deep Poisson Factor Modeling,"Ricardo Henao, Zhe Gan, James Lu, Lawrence Carin",Duke University,Poster,https://nips.cc/virtual/2015/poster/5705
101,Deep Temporal Sigmoid Belief Networks for Sequence Modeling,"Zhe Gan, Chunyuan Li, Ricardo Henao, David E Carlson, Lawrence Carin",Duke University,Poster,https://nips.cc/virtual/2015/poster/5676
102,Deep Visual Analogy-Making,"Scott E Reed, Yi Zhang, Yuting Zhang, Honglak Lee",University of Michigan,Oral,https://nips.cc/virtual/2015/poster/5852
103,Deeply Learning the Messages in Message Passing Inference,"Guosheng Lin, Chunhua Shen, Ian Reid, Anton van den Hengel",,Poster,https://nips.cc/virtual/2015/poster/5485
104,Dependent Multinomial Models Made Easy: Stick-Breaking with the Polya-gamma Augmentation,"Scott Linderman, Matthew J Johnson, Ryan P. Adams",Harvard University,Poster,https://nips.cc/virtual/2015/poster/5761
105,Differentially Private Learning of Structured Discrete Distributions,"Ilias Diakonikolas, Moritz Hardt, Ludwig Schmidt",,Poster,https://nips.cc/virtual/2015/poster/5686
106,Differentially private subspace clustering,"Yining Wang, Yu-Xiang Wang, Aarti Singh",Carnegie Mellon University,Poster,https://nips.cc/virtual/2015/poster/5545
107,Discrete Rényi Classifiers,"Meisam Razaviyayn, Farzan Farnia, David Tse",Stanford University,Poster,https://nips.cc/virtual/2015/poster/5744
108,Discriminative Robust Transformation Learning,"Jiaji Huang, Qiang Qiu, Guillermo Sapiro, Robert Calderbank",Duke University,Poster,https://nips.cc/virtual/2015/poster/5574
109,Distributed Submodular Cover: Succinctly Summarizing Massive Data,"Baharan Mirzasoleiman, Amin Karbasi, Ashwinkumar Badanidiyuru, Andreas Krause",,Spotlight,https://nips.cc/virtual/2015/poster/5825
110,Distributionally Robust Logistic Regression,"Soroosh Shafieezadeh-Abadeh, Peyman Mohajerin Esfahani, Daniel Huhn",EPFL,Spotlight,https://nips.cc/virtual/2015/poster/5820
111,Double or Nothing: Multiplicative Incentive Mechanisms for Crowdsourcing,"Nihar Bhadresh Shah, Dengyong Zhou","University of California, Berkeley; Microsoft",Poster,https://nips.cc/virtual/2015/poster/5455
112,Efficient and Parsimonious Agnostic Active Learning,"Tzu-Kuo Huang, Alekh Agarwal, Daniel J. Hsu, John Langford, Robert E. Schapire",Microsoft; Columbia University,Spotlight,https://nips.cc/virtual/2015/poster/5897
113,Efficient and Robust Automated Machine Learning,"Matthias Feurer, Aaron Klein, Katharina Eggensperger, Jost Springenberg, Manuel Blum, Frank Hutter",University of Freiburg,Poster,https://nips.cc/virtual/2015/poster/5718
114,Efficient Compressive Phase Retrieval with Constrained Sensing Vectors,"Sohail Bahmani, Justin Romberg",,Poster,https://nips.cc/virtual/2015/poster/5502
115,Efficient Exact Gradient Update for training Deep Networks with Very Large Sparse Targets,"Pascal Vincent, Alexandre de Brébisson, Xavier Bouthillier",,Oral,https://nips.cc/virtual/2015/poster/5872
116,Efficient Learning by Directed Acyclic Graph For Resource Constrained Prediction,"Joseph Wang, Kirill Trapeznikov, Venkatesh Saligrama",Boston University; Systems & Technology Research,Poster,https://nips.cc/virtual/2015/poster/5645
117,Efficient Learning of Continuous-Time Hidden Markov Models for Disease Progression,"Yu-Ying Liu, Shuang Li, Fuxin Li, Le Song, James M. Rehg",Georgia Institute of Technology,Poster,https://nips.cc/virtual/2015/poster/5774
118,Efficient Non-greedy Optimization of Decision Trees,"Mohammad Norouzi, Maxwell Collins, Matthew A Johnson, David J Fleet, Pushmeet Kohli",University of Toronto; Microsoft; University of Wisconsin-Madison,Poster,https://nips.cc/virtual/2015/poster/5609
119,Efficient Output Kernel Learning for Multiple Tasks,"Pratik Kumar Jawanpuria, Maksim Lapin, Matthias Hein, Bernt Schiele",,Poster,https://nips.cc/virtual/2015/poster/5562
120,Efficient Thompson Sampling for Online ￼Matrix-Factorization Recommendation,"Jaya Kawale, Hung H Bui, Branislav Kveton, Long Tran-Thanh, Sanjay Chawla",Adobe; University of Southampton; Qatar Computing Research Institute; University of Sydney,Poster,https://nips.cc/virtual/2015/poster/5570
121,Embed to Control: A Locally Linear Latent Dynamics Model for Control from Raw Images,"Manuel Watter, Jost Springenberg, Joschka Boedecker, Martin Riedmiller",University of Freiburg; Google,Poster,https://nips.cc/virtual/2015/poster/5700
122,Embedding Inference for Structured Multilabel Prediction,"Farzaneh Mirzazadeh, Siamak Ravanbakhsh, Nan Ding, Dale Schuurmans",University of Alberta; Google,Poster,https://nips.cc/virtual/2015/poster/5770
123,Empirical Localization of Homogeneous Divergences on Discrete Sample Spaces,"Takashi Takenouchi, Takafumi Kanamori",Future University Hakodate; Nagoya University,Spotlight,https://nips.cc/virtual/2015/poster/5878
124,End-to-end Learning of LDA by Mirror-Descent Back Propagation over a Deep Architecture,"Jianshu Chen, Ji He, Yelong Shen, Lin Xiao, Xiaodong He, Jianfeng Gao, Xinying Song, Li Deng",,Poster,https://nips.cc/virtual/2015/poster/5613
125,End-To-End Memory Networks,"Sainbayar Sukhbaatar, arthur szlam, Jason Weston, Rob Fergus",New York University; Meta,Oral,https://nips.cc/virtual/2015/poster/5858
126,Enforcing balance allows local supervised learning in spiking recurrent networks,"Ralph Bourdoukan, Sophie Denève",École Normale Supérieure,Poster,https://nips.cc/virtual/2015/poster/5544
127,Equilibrated adaptive learning rates for non-convex optimization,"Yann Dauphin, Harm de Vries, Yoshua Bengio",Université de Montréal,Spotlight,https://nips.cc/virtual/2015/poster/5875
128,Estimating Jaccard Index with Missing Observations: A Matrix Calibration Approach,Wenye Li,Macao Polytechnic Institute,Poster,https://nips.cc/virtual/2015/poster/5691
129,Estimating Mixture Models via Mixtures of Polynomials,"Sida Wang, Arun Tejasvi Chaganty, Percy Liang",Stanford University,Poster,https://nips.cc/virtual/2015/poster/5498
130,Evaluating the statistical significance of biclusters,"Jason Lee, Yuekai Sun, Jonathan E Taylor",Stanford University,Poster,https://nips.cc/virtual/2015/poster/5573
131,Exactness of Approximate MAP Inference in Continuous MRFs,Nicholas Ruozzi,University of Texas at Dallas,Poster,https://nips.cc/virtual/2015/poster/5664
132,Expectation Particle Belief Propagation,"Thibaut Lienart, Yee Whye Teh, Arnaud Doucet",University of Oxford,Poster,https://nips.cc/virtual/2015/poster/5775
133,Explore no more: Improved high-probability regret bounds for non-stochastic bandits,Gergely Neu,INRIA Lille – Nord Europe; Pompeu Fabra University,Poster,https://nips.cc/virtual/2015/poster/5736
134,Exploring Models and Data for Image Question Answering,"Mengye Ren, Ryan Kiros, Richard Zemel",University of Toronto; Canadian Institute for Advanced Research,Poster,https://nips.cc/virtual/2015/poster/5717
135,Expressing an Image Stream with a Sequence of Natural Sentences,"Cesc C Park, Gunhee Kim",Seoul National University,Poster,https://nips.cc/virtual/2015/poster/5461
136,Extending Gossip Algorithms to Distributed Estimation of U-statistics,"Igor Colin, Aurélien Bellet, Joseph Salmon, Stéphan Clémençon",CNRS; INRIA Lille - Nord Europe,Spotlight,https://nips.cc/virtual/2015/poster/5828
137,Fast and Accurate Inference of Plackett–Luce Models,"Lucas Maystre, Matthias Grossglauser",EPFL,Poster,https://nips.cc/virtual/2015/poster/5470
138,Fast and Guaranteed Tensor Decomposition via Sketching,"Yining Wang, Hsiao-Yu Tung, Alexander J Smola, Anima Anandkumar","Carnegie Mellon University; University of California, Irvine",Spotlight,https://nips.cc/virtual/2015/poster/5894
139,Fast and Memory Optimal Low-Rank Matrix Approximation,"Se-Young Yun, marc lelarge, Alexandre Proutiere",Microsoft; INRIA; KTH Royal Institute of Technology,Poster,https://nips.cc/virtual/2015/poster/5737
140,Fast Bidirectional Probability Estimation in Markov Models,"Siddhartha Banerjee, Peter Lofgren",Cornell University; Stanford University,Poster,https://nips.cc/virtual/2015/poster/5582
141,Fast Classification Rates for High-dimensional Gaussian Generative Models,"Tianyang Li, Adarsh Prasad, Pradeep K Ravikumar",University of Texas at Austin,Poster,https://nips.cc/virtual/2015/poster/5551
142,Fast Convergence of Regularized Learning in Games,"Vasilis Syrgkanis, Alekh Agarwal, Haipeng Luo, Robert E. Schapire",Microsoft; Princeton University,Oral,https://nips.cc/virtual/2015/poster/5839
143,Fast Distributed k-Center Clustering with Outliers on Massive Data,"Gustavo Malkomes, Matt J Kusner, Wenlin Chen, Kilian Q. Weinberger, Benjamin Moseley",Washington University in St. Louis; Cornell University,Poster,https://nips.cc/virtual/2015/poster/5552
144,Fast Lifted MAP Inference via Partitioning,"Somdeb Sarkhel, Parag Singla, Vibhav G Gogate",,Poster,https://nips.cc/virtual/2015/poster/5741
145,Fast Randomized Kernel Ridge Regression with Statistical Guarantees,"Ahmed Alaoui, Michael W. Mahoney","University of California, Berkeley; International Computer Science Institute",Poster,https://nips.cc/virtual/2015/poster/5524
146,Fast Rates for Exp-concave Empirical Risk Minimization,"Tomer Koren, Kfir Levy",Technion - Israel Institute of Technology,Poster,https://nips.cc/virtual/2015/poster/5587
147,Fast Second Order Stochastic Backpropagation for Variational Inference,"Kai Fan, Ziteng Wang, Jeff Beck, James Kwok, Katherine A. Heller",Duke University; Hong Kong University of Science and Technology,Poster,https://nips.cc/virtual/2015/poster/5579
148,Fast Two-Sample Testing with Analytic Representations of Probability Measures,"Kacper P Chwialkowski, Aaditya Ramdas, Dino Sejdinovic, Arthur Gretton","University College London; University of California, Berkeley; University of Oxford",Poster,https://nips.cc/virtual/2015/poster/5633
149,"Fast, Provable Algorithms for Isotonic Regression in all L_p-norms","Rasmus Kyng, Anup Rao, Sushant Sachdeva",Yale University; Georgia Institute of Technology,Poster,https://nips.cc/virtual/2015/poster/5698
150,Faster R-CNN: Towards Real-Time Object Detection with Region Proposal Networks,"Shaoqing Ren, Kaiming He, Ross Girshick, Jian Sun",University of Science and Technology of China; Microsoft,Poster,https://nips.cc/virtual/2015/poster/5463
151,Fighting Bandits with a New Kind of Smoothness,"Jacob D. Abernethy, Chansoo Lee, Ambuj Tewari",University of Michigan,Poster,https://nips.cc/virtual/2015/poster/5650
152,Finite-Time Analysis of Projected Langevin Monte Carlo,"Sebastien Bubeck, Ronen Eldan, Joseph Lehec",Microsoft; Weizmann Institute of Science; Université Paris-Dauphine,Poster,https://nips.cc/virtual/2015/poster/5567
153,Fixed-Length Poisson MRF: Adding Dependencies to the Multinomial,"David I Inouye, Pradeep K Ravikumar, Inderjit S Dhillon",University of Texas at Austin,Poster,https://nips.cc/virtual/2015/poster/5740
154,Frank-Wolfe Bayesian Quadrature: Probabilistic Integration with Theoretical Guarantees,"François-Xavier Briol, Chris Oates, Mark Girolami, Michael A Osborne",University of Warwick; University of Technology Sydney; University of Oxford,Spotlight,https://nips.cc/virtual/2015/poster/5818
155,From random walks to distances on unweighted graphs,"Tatsunori Hashimoto, Yi Sun, Tommi Jaakkola",Massachusetts Institute of Technology,Poster,https://nips.cc/virtual/2015/poster/5759
156,Galileo: Perceiving Physical Object Properties by Integrating a Physics Engine with Deep Learning,"Jiajun Wu, Ilker Yildirim, Joseph J. Lim, Bill Freeman, Josh Tenenbaum",Massachusetts Institute of Technology; Rockefeller University,Poster,https://nips.cc/virtual/2015/poster/5467
157,GAP Safe screening rules for sparse multi-task and multi-class models,"Eugene Ndiaye, Olivier Fercoq, Alexandre Gramfort, Joseph Salmon",T ´el´ecom ParisTech,Poster,https://nips.cc/virtual/2015/poster/5528
158,Gaussian Process Random Fields,"David Moore, Stuart Russell","University of California, Berkeley",Poster,https://nips.cc/virtual/2015/poster/5753
159,Generalization in Adaptive Data Analysis and Holdout Reuse,"Cynthia Dwork, Vitaly Feldman, Moritz Hardt, Toni Pitassi, Omer Reingold, Aaron Roth",,Poster,https://nips.cc/virtual/2015/poster/5666
160,Generative Image Modeling Using Spatial LSTMs,"Lucas Theis, Matthias Bethge",University of Tübingen,Poster,https://nips.cc/virtual/2015/poster/5629
161,GP Kernels for Cross-Spectrum Analysis,"Kyle R Ulrich, David E Carlson, Kafui Dzirasa, Lawrence Carin",Duke University; Columbia University,Poster,https://nips.cc/virtual/2015/poster/5634
162,Gradient Estimation Using Stochastic Computation Graphs,"John Schulman, Nicolas Heess, Theophane Weber, Pieter Abbeel","Google; University of California, Berkeley",Poster,https://nips.cc/virtual/2015/poster/5767
163,Gradient-free Hamiltonian Monte Carlo with Efficient Kernel Exponential Families,"Heiko Strathmann, Dino Sejdinovic, Samuel Livingstone, Zoltan Szabo, Arthur Gretton",University College London; University of Oxford; University of Bristol,Poster,https://nips.cc/virtual/2015/poster/5541
164,Grammar as a Foreign Language,"Oriol Vinyals, Łukasz Kaiser, Terry Koo, Slav Petrov, Ilya Sutskever, Geoffrey Hinton",Google,Poster,https://nips.cc/virtual/2015/poster/5702
165,Halting in Random Walk Kernels,"Mahito Sugiyama, Karsten Borgwardt",Osaka University; Japan Science and Technology Agency; ETH Zurich,Poster,https://nips.cc/virtual/2015/poster/5601
166,Hessian-free Optimization for Learning Deep Multidimensional Recurrent Neural Networks,"Minhyung Cho, Chandra Dhir, Jaehyung Lee",Applied Research Korea; Gracenote,Poster,https://nips.cc/virtual/2015/poster/5534
167,Hidden Technical Debt in Machine Learning Systems,"D. Sculley, Gary Holt, Daniel Golovin, Eugene Davydov, Todd Phillips, Dietmar Ebner, Vinay Chaudhary, Michael Young, Jean-François Crespo, Dan Dennison",Google,Poster,https://nips.cc/virtual/2015/poster/5680
168,High Dimensional EM Algorithm: Statistical Optimization and Asymptotic Normality,"Zhaoran Wang, Quanquan Gu, Yang Ning, Han Liu",,Poster,https://nips.cc/virtual/2015/poster/5682
169,High-dimensional neural spike train analysis with generalized count linear dynamical systems,"Yuanjun Gao, Lars Busing, Krishna V. Shenoy, John P. Cunningham",Columbia University; Stanford University,Spotlight,https://nips.cc/virtual/2015/poster/5808
170,HONOR: Hybrid Optimization for NOn-convex Regularized problems,"Pinghua Gong, Jieping Ye",University of Michigan,Poster,https://nips.cc/virtual/2015/poster/5491
171,Human Memory Search as Initial-Visit Emitting Random Walk,"Kwang-Sung Jun, Xiaojin Zhu, Timothy T. Rogers, Zhuoran Yang, ming yuan",Wisconsin Institute for Discovery; University of Wisconsin-Madison; University Affiliation Not Specified; Department of Mathematical Sciences,Poster,https://nips.cc/virtual/2015/poster/5553
172,Improved Iteration Complexity Bounds of Cyclic Block Coordinate Descent for Convex Problems,"Ruoyu Sun, Mingyi Hong",Stanford University; Iowa State University,Poster,https://nips.cc/virtual/2015/poster/5571
173,"Individual Planning in Infinite-Horizon Multiagent Settings: Inference, Structure and Scalability","Xia Qu, Prashant Doshi",Epic Systems Corporation; University of Georgia,Poster,https://nips.cc/virtual/2015/poster/5497
174,Inference for determinantal point processes without spectral knowledge,"Rémi Bardenet, Michalis Titsias RC AUEB",CNRS; Athens University of Economics and Business,Poster,https://nips.cc/virtual/2015/poster/5756
175,Inferring Algorithmic Patterns with Stack-Augmented Recurrent Nets,"Armand Joulin, Tomas Mikolov",Meta,Spotlight,https://nips.cc/virtual/2015/poster/5860
176,Infinite Factorial Dynamical Model,"Isabel Valera, Francisco Ruiz, Lennart Svensson, Fernando Perez-Cruz",Max Planck Institute for Software Systems; Columbia University; Chalmers University of Technology; Universidad Carlos III de Madrid; Bell Labs,Poster,https://nips.cc/virtual/2015/poster/5603
177,Information-theoretic lower bounds for convex optimization with erroneous oracles,"Yaron Singer, Jan Vondrak",Harvard University; IBM,Spotlight,https://nips.cc/virtual/2015/poster/5884
178,Interactive Control of Diverse Complex Characters with Neural Networks,"Igor Mordatch, Kendall Lowrey, Galen Andrew, Zoran Popovic, Emanuel V. Todorov",University of Washington,Oral,https://nips.cc/virtual/2015/poster/5802
179,Interpolating Convex and Non-Convex Tensor Decompositions via the Subspace Norm,"Qinqing Zheng, Ryota Tomioka",University of Chicago; Toyota Technological Institute at Chicago,Poster,https://nips.cc/virtual/2015/poster/5731
180,Inverse Reinforcement Learning with Locally Consistent Reward Functions,"Quoc Phong Nguyen, Bryan Kian Hsiang Low, Patrick Jaillet",National University of Singapore; Massachusetts Institute of Technology,Poster,https://nips.cc/virtual/2015/poster/5611
181,Is Approval Voting Optimal Given Approval Votes?,"Ariel D Procaccia, Nisarg Shah",Carnegie Mellon University,Poster,https://nips.cc/virtual/2015/poster/5617
182,Kullback-Leibler Proximal Variational Inference,"Mohammad Emtiyaz Khan, Pierre Baque, François Fleuret, Pascal Fua",EPFL; Idiap Research Institute,Poster,https://nips.cc/virtual/2015/poster/5757
183,Large-Scale Bayesian Multi-Label Learning via Topic-Based Label Embeddings,"Piyush Rai, Changwei Hu, Ricardo Henao, Lawrence Carin",Indian Institute of Technology Kanpur; Duke University,Spotlight,https://nips.cc/virtual/2015/poster/5804
184,Large-scale probabilistic predictors with and without guarantees of validity,"Vladimir Vovk, Ivan Petej, Valentina Fedorova",University of London; Yandex,Poster,https://nips.cc/virtual/2015/poster/5535
185,LASSO with Non-linear Measurements is Equivalent to One With Linear Measurements,"CHRISTOS THRAMPOULIDIS, Ehsan Abbasi, Babak Hassibi",California Institute of Technology,Spotlight,https://nips.cc/virtual/2015/poster/5832
186,Latent Bayesian melding for integrating individual and population models,"Mingjun Zhong, Nigel Goddard, Charles Sutton",University of Edinburgh,Spotlight,https://nips.cc/virtual/2015/poster/5807
187,Learnability of Influence in Networks,"Harikrishna Narasimhan, David C. Parkes, Yaron Singer",Harvard University; Indian Institute of Science,Poster,https://nips.cc/virtual/2015/poster/5738
188,Learning Bayesian Networks with Thousands of Variables,"Mauro Scanagatta, Cassio P de Campos, Giorgio Corani, Marco Zaffalon",Institute of Digital Science and Artificial Intelligence; Scuola universitaria professionale della Svizzera italiana; Università della Svizzera italiana; Queen's University Belfast,Poster,https://nips.cc/virtual/2015/poster/5623
189,Learning both Weights and Connections for Efficient Neural Network,"Song Han, Jeff Pool, John Tran, William Dally",Stanford University; NVIDIA,Poster,https://nips.cc/virtual/2015/poster/5558
190,Learning Causal Graphs with Small Interventions,"Karthikeyan Shanmugam, Murat Kocaoglu, Alexandros G Dimakis, Sriram Vishwanath",University of Texas at Austin,Poster,https://nips.cc/virtual/2015/poster/5739
191,Learning Continuous Control Policies by Stochastic Value Gradients,"Nicolas Heess, Gregory Wayne, David Silver, Timothy Lillicrap, Tom Erez, Yuval Tassa",Google,Poster,https://nips.cc/virtual/2015/poster/5716
192,Learning From Small Samples: An Analysis of Simple Decision Heuristics,"Ozgur Simsek, Marcus Buckmann",Max Planck Institute for Human Development,Poster,https://nips.cc/virtual/2015/poster/5735
193,Learning Large-Scale Poisson DAG Models based on OverDispersion Scoring,"Gunwoong Park, Garvesh Raskutti",University of Wisconsin-Madison; University Affiliation Not Specified; Unknown Institution,Poster,https://nips.cc/virtual/2015/poster/5510
194,Learning spatiotemporal trajectories from manifold-valued longitudinal data,"Jean-Baptiste SCHIRATTI, Stéphanie ALLASSONNIERE, Olivier Colliot, Stanley DURRLEMAN",INRIA Paris; Ecole Polytechnique,Poster,https://nips.cc/virtual/2015/poster/5670
195,Learning Stationary Time Series using Gaussian Processes with Nonparametric Kernels,"Felipe Tobar, Thang D Bui, Richard E Turner",Universidad de Chile; University of Cambridge,Spotlight,https://nips.cc/virtual/2015/poster/5809
196,Learning structured densities via infinite dimensional exponential families,"Siqi Sun, Mladen Kolar, Jinbo Xu",Toyota Technological Institute at Chicago; University of Chicago,Poster,https://nips.cc/virtual/2015/poster/5660
197,Learning Structured Output Representation using Deep Conditional Generative Models,"Kihyuk Sohn, Honglak Lee, Xinchen Yan",NEC Laboratories America; University of Michigan,Poster,https://nips.cc/virtual/2015/poster/5763
198,Learning Theory and Algorithms for Forecasting Non-stationary Time Series,"Vitaly Kuznetsov, Mehryar Mohri",Courant Institute of Mathematical Sciences; Google,Oral,https://nips.cc/virtual/2015/poster/5882
199,Learning to Linearize Under Uncertainty,"Ross Goroshin, Michael F Mathieu, Yann LeCun",Courant Institute of Mathematical Science; Meta,Poster,https://nips.cc/virtual/2015/poster/5566
200,Learning to Segment Object Candidates,"Pedro O O. Pinheiro, Ronan Collobert, Piotr Dollar",Idiap Research Institute; EPFL; Meta,Spotlight,https://nips.cc/virtual/2015/poster/5859
201,Learning to Transduce with Unbounded Memory,"Edward Grefenstette, Karl Moritz Hermann, Mustafa Suleyman, Phil Blunsom",Google,Poster,https://nips.cc/virtual/2015/poster/5620
202,Learning visual biases from human imagination,"Carl Vondrick, Hamed Pirsiavash, Aude Oliva, Antonio Torralba",,Poster,https://nips.cc/virtual/2015/poster/5478
203,Learning Wake-Sleep Recurrent Attention Models,"Jimmy Ba, Ruslan Salakhutdinov, Roger B Grosse, Brendan J. Frey",University of Toronto,Spotlight,https://nips.cc/virtual/2015/poster/5865
204,Learning with a Wasserstein Loss,"Charlie Frogner, Chiyuan Zhang, Hossein Mobahi, Mauricio Araya, Tomaso A Poggio",Massachusetts Institute of Technology; Shell International Exploration and Production,Poster,https://nips.cc/virtual/2015/poster/5638
205,Learning with Group Invariant Features: A Kernel Perspective.,"Youssef Mroueh, Stephen Voinea, Tomaso A Poggio",IBM; Massachusetts Institute of Technology,Poster,https://nips.cc/virtual/2015/poster/5594
206,Learning with Incremental Iterative Regularization,"Lorenzo Rosasco, Silvia Villa",University of Genoa; Indian Institute of Technology,Poster,https://nips.cc/virtual/2015/poster/5600
207,Learning with Relaxed Supervision,"Jacob Steinhardt, Percy Liang",Stanford University,Poster,https://nips.cc/virtual/2015/poster/5708
208,Learning with Symmetric Label Noise: The Importance of Being Unhinged,"Brendan van Rooyen, Aditya Menon, Robert C. Williamson",Australian National University; National ICT Australia,Spotlight,https://nips.cc/virtual/2015/poster/5900
209,Less is More: Nyström Computational Regularization,"Alessandro Rudi, Raffaello Camoriano, Lorenzo Rosasco",Università degli Studi di Genova; Istituto Italiano di Tecnologia; Massachusetts Institute of Technology,Oral,https://nips.cc/virtual/2015/poster/5899
210,Lifelong Learning with Non-i.i.d. Tasks,"Anastasia Pentina, Christoph H. Lampert",Institute of Science and Technology Austria,Poster,https://nips.cc/virtual/2015/poster/5592
211,Lifted Inference Rules With Constraints,"Happy Mittal, Anuj Mahajan, Vibhav G Gogate, Parag Singla",Indian Institute of Technology Delhi; University of Texas at Dallas,Poster,https://nips.cc/virtual/2015/poster/5766
212,Lifted Symmetry Detection and Breaking for MAP Inference,"Timothy Kopp, Parag Singla, Henry Kautz",University of Rochester; Indian Institute of Technology Delhi,Poster,https://nips.cc/virtual/2015/poster/5572
213,Linear Multi-Resource Allocation with Semi-Bandit Feedback,"Tor Lattimore, Koby Crammer, Csaba Szepesvari",University of Alberta; Technion,Poster,https://nips.cc/virtual/2015/poster/5542
214,Linear Response Methods for Accurate Covariance Estimates from Mean Field Variational Bayes,"Ryan J Giordano, Tamara Broderick, Michael I Jordan","University of California, Berkeley; Massachusetts Institute of Technology",Spotlight,https://nips.cc/virtual/2015/poster/5814
215,Local Causal Discovery of Direct Causes and Effects,"Tian Gao, Qiang Ji",Rensselaer Polytechnic Institute,Poster,https://nips.cc/virtual/2015/poster/5681
216,Local Expectation Gradients for Black Box Variational Inference,"Michalis Titsias RC AUEB, Miguel Lázaro-Gredilla",Athens University of Economics and Business; Vicarious,Poster,https://nips.cc/virtual/2015/poster/5693
217,Local Smoothness in Variance Reduced Optimization,"Daniel Vainsencher, Han Liu, Tong Zhang",Princeton University; Rutgers University,Poster,https://nips.cc/virtual/2015/poster/5648
218,Logarithmic Time Online Multiclass prediction,"Anna E Choromanska, John Langford",Courant Institute of Mathematical Sciences; Microsoft,Spotlight,https://nips.cc/virtual/2015/poster/5892
219,M-Best-Diverse Labelings for Submodular Energies and Beyond,"Alexander Kirillov, Dmytro Shlezinger, Dmitry P Vetrov, Carsten Rother, Bogdan Savchynskyy",Technische Universität Dresden; Skolkovo Institute of Science and Technology,Poster,https://nips.cc/virtual/2015/poster/5508
220,M-Statistic for Kernel Change-Point Detection,"Shuang Li, Yao Xie, Hanjun Dai, Le Song",Georgia Institute of Technology,Poster,https://nips.cc/virtual/2015/poster/5754
221,Market Scoring Rules Act As Opinion Pools For Risk-Averse Agents,"Mithun Chakraborty, Sanmay Das",Washington University in St. Louis,Spotlight,https://nips.cc/virtual/2015/poster/5880
222,Matrix Completion from Fewer Entries: Spectral Detectability and Rank Estimation,"Alaa Saade, Florent Krzakala, Lenka Zdeborová",École Normale Supérieure; Sorbonne Universités; Institut de Physique Théorique,Poster,https://nips.cc/virtual/2015/poster/5568
223,Matrix Completion Under Monotonic Single Index Models,"Ravi Sastry Ganti, Laura Balzano, Rebecca Willett",University of Wisconsin-Madison; University of Michigan,Poster,https://nips.cc/virtual/2015/poster/5624
224,Matrix Completion with Noisy Side Information,"Kai-Yang Chiang, Cho-Jui Hsieh, Inderjit S Dhillon","University of Texas at Austin; University of California, Davis",Spotlight,https://nips.cc/virtual/2015/poster/5896
225,Matrix Manifold Optimization for Gaussian Mixtures,"Reshad Hosseini, Suvrit Sra",University of Tehran; Massachusetts Institute of Technology,Poster,https://nips.cc/virtual/2015/poster/5537
226,Max-Margin Deep Generative Models,"Chongxuan Li, Jun Zhu, Tianlin Shi, Bo Zhang",Tsinghua University; Stanford University,Poster,https://nips.cc/virtual/2015/poster/5621
227,Max-Margin Majority Voting for Learning from Crowds,"TIAN TIAN, Jun Zhu",University of Bedfordshire; Center for Bio-Inspired Computing Research; Tsinghua University; State Key Lab of Intelligent Technology & Systems,Poster,https://nips.cc/virtual/2015/poster/5599
228,Maximum Likelihood Learning With Arbitrary Treewidth via Fast-Mixing Parameter Sets,Justin Domke,Australian National University,Poster,https://nips.cc/virtual/2015/poster/5533
229,MCMC for Variationally Sparse Gaussian Processes,"James Hensman, Alexander G Matthews, Maurizio Filippone, Zoubin Ghahramani",Lancaster University; University of Cambridge; EURECOM,Poster,https://nips.cc/virtual/2015/poster/5602
230,Measuring Sample Quality with Stein's Method,"Jackson Gorham, Lester Mackey",Stanford University,Spotlight,https://nips.cc/virtual/2015/poster/5822
231,Mind the Gap: A Generative Approach to Interpretable Feature Selection and Extraction,"Been Kim, Julie A Shah, Finale Doshi-Velez",Massachusetts Institute of Technology; Harvard University,Poster,https://nips.cc/virtual/2015/poster/5657
232,Minimax Time Series Prediction,"Wouter M. Koolen, Alan Malek, Peter L Bartlett, Yasin Abbasi Yadkori","Centrum Wiskunde & Informatica; University of California, Berkeley; Queensland University of Technology",Poster,https://nips.cc/virtual/2015/poster/5685
233,Minimum Weight Perfect Matching via Blossom Belief Propagation,"Sung-Soo Ahn, Sejun Park, Michael Chertkov, Jinwoo Shin",Korea Advanced Institute of Science and Technology; Los Alamos National Laboratory,Spotlight,https://nips.cc/virtual/2015/poster/5830
234,"Mixed Robust/Average Submodular Partitioning: Fast Algorithms, Guarantees, and Applications","Kai Wei, Rishabh K Iyer, Shengjie Wang, Wenruo Bai, Jeff A. Bilmes",,Poster,https://nips.cc/virtual/2015/poster/5654
235,Mixing Time Estimation in Reversible Markov Chains from a Single Sample Path,"Daniel J. Hsu, Aryeh Kontorovich, Csaba Szepesvari",Columbia University; Ben-Gurion University of the Negev; University of Alberta,Poster,https://nips.cc/virtual/2015/poster/5585
236,Model-Based Relative Entropy Stochastic Search,"Abbas Abdolmaleki, Rudolf Lioutikov, Jan R Peters, Nuno Lau, Luis Pualo Reis, Gerhard Neumann",University of Aveiro; University of Minho; University of Porto; Technical University of Darmstadt; Max Planck Institute for Intelligent Systems; Technische Universität Darmstadt,Poster,https://nips.cc/virtual/2015/poster/5768
237,Monotone k-Submodular Function Maximization with Size Constraints,"Naoto Ohsaka, Yuichi Yoshida","University of Tokyo; National Institute of Informatics; Preferred Infrastructure, Inc.",Poster,https://nips.cc/virtual/2015/poster/5516
238,Multi-class SVMs: From Tighter Data-Dependent Generalization Bounds to Novel Algorithms,"Yunwen Lei, Urun Dogan, Alexander Binder, Marius Kloft",City University of Hong Kong; Microsoft; Singapore University of Technology and Design; Technische Universität Berlin; Humboldt University of Berlin,Poster,https://nips.cc/virtual/2015/poster/5637
239,Multi-Layer Feature Reduction for Tree Structured Group Lasso via Hierarchical Projection,"Jie Wang, Jieping Ye",University of Michigan; Massachusetts Institute of Technology,Spotlight,https://nips.cc/virtual/2015/poster/5879
240,Natural Neural Networks,"Guillaume Desjardins, Karen Simonyan, Razvan Pascanu, koray kavukcuoglu",Google,Poster,https://nips.cc/virtual/2015/poster/5639
241,Nearly Optimal Private LASSO,"Kunal Talwar, Abhradeep Guha Thakurta, Li Zhang",Google; Yahoo! Labs,Poster,https://nips.cc/virtual/2015/poster/5724
242,Neural Adaptive Sequential Monte Carlo,"Shixiang (Shane) Gu, Zoubin Ghahramani, Richard E Turner",University of Cambridge; Max Planck Institute for Intelligent Systems,Poster,https://nips.cc/virtual/2015/poster/5692
243,Newton-Stein Method: A Second Order Method for GLMs via Stein's Lemma,Murat A Erdogdu,,Spotlight,https://nips.cc/virtual/2015/poster/5829
244,"NEXT: A System for Real-World Development, Evaluation, and Application of Active Learning","Kevin G. Jamieson, Lalit Jain, Chris Fernandez, Nicholas J. Glattard, Rob Nowak","University of California, Berkeley; University of Wisconsin-Madison",Spotlight,https://nips.cc/virtual/2015/poster/5876
245,No-Regret Learning in Bayesian Games,"Jason Hartline, Vasilis Syrgkanis, Eva Tardos",Northwestern University; Microsoft; Cornell University,Poster,https://nips.cc/virtual/2015/poster/5728
246,Non-convex Statistical Optimization for Sparse Tensor Graphical Model,"Wei Sun, Zhaoran Wang, Han Liu, Guang Cheng",Yahoo; Princeton University; Purdue University,Poster,https://nips.cc/virtual/2015/poster/5554
247,"Nonparametric von Mises Estimators for Entropies, Divergences and Mutual Informations","Kirthevasan Kandasamy, Akshay Krishnamurthy, Barnabas Poczos, Larry Wasserman, james m robins",,Poster,https://nips.cc/virtual/2015/poster/5489
248,On Elicitation Complexity,"Rafael Frongillo, Ian Kash",University of Colorado; Microsoft,Poster,https://nips.cc/virtual/2015/poster/5742
249,On some provably correct cases of variational inference for topic models,"Pranjal Awasthi, Andrej Risteski",Rutgers University; Princeton University,Spotlight,https://nips.cc/virtual/2015/poster/5817
250,On the Accuracy of Self-Normalized Log-Linear Models,"Jacob Andreas, Maxim Rabinovich, Michael I Jordan, Dan Klein","University of California, Berkeley",Poster,https://nips.cc/virtual/2015/poster/5615
251,On the consistency theory of high dimensional variable screening,"Xiangyu Wang, Chenlei Leng, David B Dunson",Duke University; University of Warwick,Poster,https://nips.cc/virtual/2015/poster/5673
252,On the Convergence of Stochastic Gradient MCMC Algorithms with High-Order Integrators,"Changyou Chen, Nan Ding, Lawrence Carin",Duke University; Google,Poster,https://nips.cc/virtual/2015/poster/5659
253,On the Global Linear Convergence of Frank-Wolfe Optimization Variants,"Simon Lacoste-Julien, Martin Jaggi",École Normale Supérieure; ETH Zurich,Poster,https://nips.cc/virtual/2015/poster/5499
254,On the Limitation of Spectral Methods: From the Gaussian Hidden Clique Problem to Rank-One Perturbations of Gaussian Tensors,"Andrea Montanari, Daniel Reichman, Ofer Zeitouni","Stanford University; University of California, Berkeley; Weizmann Institute; New York University",Poster,https://nips.cc/virtual/2015/poster/5472
255,On the Optimality of Classifier Chain for Multi-label Classification,"Weiwei Liu, Ivor Tsang",University of Technology Sydney,Poster,https://nips.cc/virtual/2015/poster/5518
256,On the Pseudo-Dimension of Nearly Optimal Auctions,"Jamie H Morgenstern, Tim Roughgarden",University of Pennsylvania; Stanford University,Spotlight,https://nips.cc/virtual/2015/poster/5834
257,On Top-k Selection in Multi-Armed Bandits and Hidden Bipartite Graphs,"Wei Cao, Jian Li, Yufei Tao, Zhize Li",Tsinghua University; Chinese University of Hong Kong,Poster,https://nips.cc/virtual/2015/poster/5549
258,On Variance Reduction in Stochastic Gradient Descent and its Asynchronous Variants,"Sashank J. Reddi, Ahmed Hefny, Suvrit Sra, Barnabas Poczos, Alexander J Smola",Carnegie Mellon University; Massachusetts Institute of Technology,Poster,https://nips.cc/virtual/2015/poster/5694
259,On-the-Job Learning with Bayesian Decision Theory,"Keenon Werling, Arun Tejasvi Chaganty, Percy Liang, Christopher D. Manning",Stanford University,Spotlight,https://nips.cc/virtual/2015/poster/5866
260,Online F-Measure Optimization,"Róbert Busa-Fekete, Balázs Szörényi, Krzysztof Dembczynski, Eyke Hüllermeier",University of Paderborn; Technion; Pozna? University of Technology,Poster,https://nips.cc/virtual/2015/poster/5506
261,Online Gradient Boosting,"Alina Beygelzimer, Elad Hazan, Satyen Kale, Haipeng Luo",Yahoo Labs; Princeton University,Poster,https://nips.cc/virtual/2015/poster/5675
262,Online Learning for Adversaries with Memory: Price of Past Mistakes,"Oren Anava, Elad Hazan, Shie Mannor",Technion - Israel Institute of Technology; Princeton University,Poster,https://nips.cc/virtual/2015/poster/5525
263,Online Learning with Adversarial Delays,"Kent Quanrud, Daniel Khashabi",University of Illinois Urbana-Champaign,Poster,https://nips.cc/virtual/2015/poster/5569
264,Online Learning with Gaussian Payoffs and Side Observations,"Yifan Wu, András György, Csaba Szepesvari",University of Alberta; Imperial College London,Poster,https://nips.cc/virtual/2015/poster/5576
265,Online Prediction at the Limit of Zero Temperature,"Mark Herbster, Stephen Pasteris, Shaona Ghosh",University College London; University of Southampton,Poster,https://nips.cc/virtual/2015/poster/5715
266,Online Rank Elicitation for Plackett-Luce: A Dueling Bandits Approach,"Balázs Szörényi, Róbert Busa-Fekete, Adil Paul, Eyke Hüllermeier",Technion; University of Paderborn,Poster,https://nips.cc/virtual/2015/poster/5507
267,Optimal Linear Estimation under Unknown Nonlinear Transform,"Xinyang Yi, Zhaoran Wang, Constantine Caramanis, Han Liu",University of Texas at Austin; Princeton University,Poster,https://nips.cc/virtual/2015/poster/5593
268,Optimal Rates for Random Fourier Features,"Bharath Sriperumbudur, Zoltan Szabo",Pennsylvania State University; University College London,Spotlight,https://nips.cc/virtual/2015/poster/5838
269,Optimal Ridge Detection using Coverage Risk,"Yen-Chi Chen, Christopher R Genovese, Shirley Ho, Larry Wasserman",Carnegie Mellon University,Poster,https://nips.cc/virtual/2015/poster/5481
270,Optimal Testing for Properties of Distributions,"Jayadev Acharya, Constantinos Daskalakis, Gautam Kamath",Massachusetts Institute of Technology,Spotlight,https://nips.cc/virtual/2015/poster/5881
271,Optimization Monte Carlo: Efficient and Embarrassingly Parallel Likelihood-Free Inference,"Ted Meeds, Max Welling","University of Amsterdam; University of California, Irvine",Poster,https://nips.cc/virtual/2015/poster/5640
272,Orthogonal NMF through Subspace Exploration,"Megasthenis Asteris, Dimitris Papailiopoulos, Alexandros G Dimakis","University of Texas at Austin; University of California, Berkeley",Poster,https://nips.cc/virtual/2015/poster/5483
273,Parallel Correlation Clustering on Big Graphs,"Xinghao Pan, Dimitris Papailiopoulos, Samet Oymak, Benjamin Recht, Kannan Ramchandran, Michael I Jordan",,Poster,https://nips.cc/virtual/2015/poster/5462
274,"Parallel Multi-Dimensional LSTM, With Application to Fast Biomedical Volumetric Image Segmentation","Marijn F Stollenga, Wonmin Byeon, Marcus Liwicki, Jürgen Schmidhuber",Istituto Dalle Molle di Studi Sull’Intelligenza Artificiale; Scuola universitaria professionale della Svizzera italiana; Università della Svizzera italiana; University of Kaiserslautern; German Research Center for Artificial Intelligence,Poster,https://nips.cc/virtual/2015/poster/5721
275,Parallel Predictive Entropy Search for Batch Global Optimization of Expensive Objective Functions,"Amar Shah, Zoubin Ghahramani",University of Cambridge,Poster,https://nips.cc/virtual/2015/poster/5750
276,Parallel Recursive Best-First AND/OR Search for Exact MAP Inference in Graphical Models,"Akihiro Kishimoto, Radu Marinescu, Adi Botea",,Poster,https://nips.cc/virtual/2015/poster/5538
277,Parallelizing MCMC with Random Partition Trees,"Xiangyu Wang, Fangjian Guo, Katherine A. Heller, David B Dunson",Duke University,Poster,https://nips.cc/virtual/2015/poster/5495
278,Particle Gibbs for Infinite Hidden Markov Models,"Nilesh Tripuraneni, Shixiang (Shane) Gu, Hong Ge, Zoubin Ghahramani",University of Cambridge; Max Planck Institute for Intelligent Systems,Poster,https://nips.cc/virtual/2015/poster/5669
279,Path-SGD: Path-Normalized Optimization in Deep Neural Networks,"Behnam Neyshabur, Ruslan Salakhutdinov, Nati Srebro",Toyota Technological Institute at Chicago; University of Toronto,Poster,https://nips.cc/virtual/2015/poster/5672
280,Planar Ultrametrics for Image Segmentation,"Julian E Yarkony, Charless Fowlkes","Experian; University of California, Irvine",Poster,https://nips.cc/virtual/2015/poster/5460
281,Pointer Networks,"Oriol Vinyals, Meire Fortunato, Navdeep Jaitly","Google; University of California, Berkeley",Spotlight,https://nips.cc/virtual/2015/poster/5870
282,Policy Evaluation Using the Ω-Return,"Philip S. Thomas, Scott Niekum, Georgios Theocharous, George Konidaris",,Poster,https://nips.cc/virtual/2015/poster/5482
283,Policy Gradient for Coherent Risk Measures,"Aviv Tamar, Yinlam Chow, Mohammad Ghavamzadeh, Shie Mannor","University of California, Berkeley; Stanford University; Adobe; INRIA; Technion - Israel Institute of Technology",Poster,https://nips.cc/virtual/2015/poster/5586
284,Practical and Optimal LSH for Angular Distance,"Alexandr Andoni, Piotr Indyk, Thijs Laarhoven, Ilya Razenshteyn, Ludwig Schmidt",Columbia University; Massachusetts Institute of Technology; Eindhoven University of Technology,Poster,https://nips.cc/virtual/2015/poster/5565
285,Precision-Recall-Gain Curves: PR Analysis Done Right,"Peter Flach, Meelis Kull",University of Bristol,Spotlight,https://nips.cc/virtual/2015/poster/5873
286,Preconditioned Spectral Descent for Deep Learning,"David E Carlson, Edo Collins, Ya-Ping Hsieh, Lawrence Carin, Volkan Cevher",Columbia University; EPFL; Duke University,Poster,https://nips.cc/virtual/2015/poster/5719
287,Predtron: A Family of Online Algorithms for General Prediction Problems,"Prateek Jain, Nagarajan Natarajan, Ambuj Tewari",Microsoft; University of Texas at Austin; University of Michigan,Poster,https://nips.cc/virtual/2015/poster/5546
288,Principal Differences Analysis: Interpretable Characterization of Differences between Distributions,"Jonas W Mueller, Tommi Jaakkola",Massachusetts Institute of Technology,Poster,https://nips.cc/virtual/2015/poster/5606
289,Principal Geodesic Analysis for Probability Measures under the Optimal Transport Metric,"Vivien Seguy, Marco Cuturi",Kyoto University,Poster,https://nips.cc/virtual/2015/poster/5748
290,Private Graphon Estimation for Sparse Graphs,"Christian Borgs, Jennifer Chayes, Adam Smith",Microsoft; Pennsylvania State University,Poster,https://nips.cc/virtual/2015/poster/5577
291,Probabilistic Curve Learning: Coulomb Repulsion and the Electrostatic Gaussian Process,"Ye Wang, David B Dunson",Duke University,Poster,https://nips.cc/virtual/2015/poster/5610
292,Probabilistic Line Searches for Stochastic Optimization,"Maren Mahsereci, Philipp Hennig",,Oral,https://nips.cc/virtual/2015/poster/5815
293,Probabilistic Variational Bounds for Graphical Models,"Qiang Liu, John W. Fisher III, Alex Ihler","Dartmouth College; Massachusetts Institute of Technology; University of California, Irvine",Poster,https://nips.cc/virtual/2015/poster/5583
294,Quartz: Randomized Dual Coordinate Ascent with Arbitrary Sampling,"Zheng Qu, Peter Richtarik, Tong Zhang",University of Hong Kong; University of Edinburgh; Rutgers University,Poster,https://nips.cc/virtual/2015/poster/5532
295,Randomized Block Krylov Methods for Stronger and Faster Approximate Singular Value Decomposition,"Cameron Musco, Christopher Musco",Massachusetts Institute of Technology,Oral,https://nips.cc/virtual/2015/poster/5833
296,Rapidly Mixing Gibbs Sampling for a Class of Factor Graphs Using Hierarchy Width,"Christopher M De Sa, Ce Zhang, Kunle Olukotun, Christopher Ré",Stanford University,Spotlight,https://nips.cc/virtual/2015/poster/5816
297,Rate-Agnostic (Causal) Structure Learning,"Sergey Plis, David Danks, Cynthia Freeman, Vince Calhoun",Mind Research Network; Carnegie Mellon University; University of New Mexico,Poster,https://nips.cc/virtual/2015/poster/5747
298,Recognizing retinal ganglion cells in the dark,"Emile Richard, Georges A Goetz, E. J. Chichilnisky",Stanford University,Poster,https://nips.cc/virtual/2015/poster/5677
299,Recovering Communities in the General Stochastic Block Model Without Knowing the Parameters,"Emmanuel Abbe, Colin Sandon",Princeton University,Poster,https://nips.cc/virtual/2015/poster/5515
300,Rectified Factor Networks,"Djork-Arné Clevert, Andreas Mayr, Thomas Unterthiner, Sepp Hochreiter",Johannes Kepler University,Poster,https://nips.cc/virtual/2015/poster/5622
301,Recursive Training of 2D-3D Convolutional Networks for Neuronal Boundary Prediction,"Kisuk Lee, Aleksandar Zlateski, Vishwanathan Ashwin, H. Sebastian Seung",Massachusetts Institute of Technology; Princeton University,Poster,https://nips.cc/virtual/2015/poster/5772
302,"Reflection, Refraction, and Hamiltonian Monte Carlo","Hadi Mohasel Afshar, Justin Domke",Australian National University; National ICT Australia,Poster,https://nips.cc/virtual/2015/poster/5722
303,Regressive Virtual Metric Learning,"Michaël Perrot, Amaury Habrard",Université de Lyon,Poster,https://nips.cc/virtual/2015/poster/5618
304,Regret Lower Bound and Optimal Algorithm in Finite Stochastic Partial Monitoring,"Junpei Komiyama, Junya Honda, Hiroshi Nakagawa",University of Tokyo,Poster,https://nips.cc/virtual/2015/poster/5616
305,Regret-Based Pruning in Extensive-Form Games,"Noam Brown, Tuomas Sandholm",Carnegie Mellon University,Poster,https://nips.cc/virtual/2015/poster/5632
306,Regularization Path of Cross-Validation Error Lower Bounds,"Atsushi Shibagaki, Yoshiki Suzuki, Masayuki Karasuyama, Ichiro Takeuchi",Nagoya Institute of Technology,Poster,https://nips.cc/virtual/2015/poster/5604
307,Regularization-Free Estimation in Trace Regression with Symmetric Positive Semidefinite Matrices,"Martin Slawski, Ping Li, Matthias Hein",Rutgers University; Saarland University,Poster,https://nips.cc/virtual/2015/poster/5703
308,Regularized EM Algorithms: A Unified Framework and Statistical Guarantees,"Xinyang Yi, Constantine Caramanis",University of Texas at Austin,Poster,https://nips.cc/virtual/2015/poster/5595
309,Rethinking LDA: Moment Matching for Discrete ICA,"Anastasia Podosinnikova, Francis Bach, Simon Lacoste-Julien",,Poster,https://nips.cc/virtual/2015/poster/5501
310,Revenue Optimization against Strategic Buyers,"Mehryar Mohri, Andres Munoz",Courant Institute of Mathematical Sciences; Google,Poster,https://nips.cc/virtual/2015/poster/5683
311,Risk-Sensitive and Robust Decision-Making: a CVaR Optimization Approach,"Yinlam Chow, Aviv Tamar, Shie Mannor, Marco Pavone","Stanford University; University of California, Berkeley; Technion - Israel Institute of Technology",Poster,https://nips.cc/virtual/2015/poster/5590
312,Robust Feature-Sample Linear Discriminant Analysis for Brain Disorders Diagnosis,"Ehsan Adeli-Mosabbeb, Kim-Han Thung, Le An, Feng Shi, Dinggang Shen",University of North Carolina at Chapel Hill,Poster,https://nips.cc/virtual/2015/poster/5513
313,Robust Gaussian Graphical Modeling with the Trimmed Graphical Lasso,"Eunho Yang, Aurelie C. Lozano",IBM,Poster,https://nips.cc/virtual/2015/poster/5689
314,Robust PCA with compressed data,"Wooseok Ha, Rina Foygel Barber",University of Chicago,Poster,https://nips.cc/virtual/2015/poster/5630
315,Robust Portfolio Optimization,"Huitong Qiu, Fang Han, Han Liu, Brian Caffo",Johns Hopkins University; Princeton University,Poster,https://nips.cc/virtual/2015/poster/5459
316,Robust Regression via Hard Thresholding,"Kush Bhatia, Prateek Jain, Purushottam Kar",Microsoft; Indian Institute of Technology Kanpur,Poster,https://nips.cc/virtual/2015/poster/5519
317,Robust Spectral Inference for Joint Stochastic Matrix Factorization,"Moontae Lee, David Bindel, David Mimno",Cornell University,Poster,https://nips.cc/virtual/2015/poster/5697
318,"Saliency, Scale and Information: Towards a Unifying Theory","Shafin Rahman, Neil Bruce",University of Manitoba,Poster,https://nips.cc/virtual/2015/poster/5649
319,Sample Complexity Bounds for Iterative Stochastic Policy Optimization,Marin Kobilarov,Johns Hopkins University,Poster,https://nips.cc/virtual/2015/poster/5732
320,Sample Complexity of Episodic Fixed-Horizon Reinforcement Learning,"Christoph Dann, Emma Brunskill",Carnegie Mellon University,Poster,https://nips.cc/virtual/2015/poster/5707
321,Sample Complexity of Learning Mahalanobis Distance Metrics,"Nakul Verma, Kristin Branson",HHMI,Poster,https://nips.cc/virtual/2015/poster/5688
322,Sample Efficient Path Integral Control under Uncertainty,"Yunpeng Pan, Evangelos Theodorou, Michail Kontitsis",Georgia Institute of Technology,Poster,https://nips.cc/virtual/2015/poster/5663
323,Sampling from Probabilistic Submodular Models,"Alkis Gotovos, Hamed Hassani, Andreas Krause",ETH Zurich,Oral,https://nips.cc/virtual/2015/poster/5826
324,Scalable Adaptation of State Complexity for Nonparametric Hidden Markov Models,"Michael C Hughes, William T Stephenson, Erik Sudderth",Brown University,Poster,https://nips.cc/virtual/2015/poster/5563
325,Scalable Inference for Gaussian Process Models with Black-Box Likelihoods,"Amir Dezfouli, Edwin V. Bonilla",University of New South Wales,Poster,https://nips.cc/virtual/2015/poster/5581
326,Scalable Semi-Supervised Aggregation of Classifiers,"Akshay Balsubramani, Yoav Freund","University of California, San Diego",Spotlight,https://nips.cc/virtual/2015/poster/5893
327,Scale Up Nonlinear Component Analysis with Doubly Stochastic Gradients,"Bo Xie, Yingyu Liang, Le Song",Georgia Institute of Technology; Princeton University,Poster,https://nips.cc/virtual/2015/poster/5665
328,Scheduled Sampling for Sequence Prediction with Recurrent Neural Networks,"Samy Bengio, Oriol Vinyals, Navdeep Jaitly, Noam Shazeer",,Poster,https://nips.cc/virtual/2015/poster/5560
329,Secure Multi-party Differential Privacy,"Peter Kairouz, Sewoong Oh, Pramod Viswanath",Institution not specified; University of Illinois Urbana-Champaign,Poster,https://nips.cc/virtual/2015/poster/5635
330,Segregated Graphs and Marginals of Chain Graph Models,Ilya Shpitser,,Poster,https://nips.cc/virtual/2015/poster/5608
331,Semi-Proximal Mirror-Prox for Nonsmooth Composite Minimization,"Niao He, Zaid Harchaoui",Georgia Institute of Technology; New York University,Poster,https://nips.cc/virtual/2015/poster/5758
332,Semi-supervised Convolutional Neural Networks for Text Categorization via Region Embedding,"Rie Johnson, Tong Zhang",RJ Research Consulting; Baidu; Rutgers University,Spotlight,https://nips.cc/virtual/2015/poster/5862
333,Semi-Supervised Factored Logistic Regression for High-Dimensional Neuroimaging Data,"Danilo Bzdok, Michael Eickenberg, Olivier Grisel, Bertrand Thirion, Gael Varoquaux",INRIA; CEA Neurospin,Poster,https://nips.cc/virtual/2015/poster/5752
334,Semi-supervised Learning with Ladder Networks,"Antti Rasmus, Mathias Berglund, Mikko Honkala, Harri Valpola, Tapani Raiko",Curious AI Company; Nokia Labs; Aalto University,Poster,https://nips.cc/virtual/2015/poster/5769
335,Semi-supervised Sequence Learning,"Andrew M Dai, Quoc V Le",Google,Poster,https://nips.cc/virtual/2015/poster/5730
336,SGD Algorithms based on Incomplete U-statistics: Large-Scale Minimization of Empirical Risk,"Guillaume Papa, Stéphan Clémençon, Aurélien Bellet",,Poster,https://nips.cc/virtual/2015/poster/5548
337,Shepard Convolutional Neural Networks,"Jimmy SJ Ren, Li Xu, Qiong Yan, Wenxiu Sun",SenseTime Group Limited,Poster,https://nips.cc/virtual/2015/poster/5536
338,Skip-Thought Vectors,"Ryan Kiros, Yukun Zhu, Ruslan Salakhutdinov, Richard Zemel, Raquel Urtasun, Antonio Torralba, Sanja Fidler",University of Toronto; Canadian Institute for Advanced Research; Massachusetts Institute of Technology,Poster,https://nips.cc/virtual/2015/poster/5746
339,Smooth and Strong: MAP Inference with Linear Convergence,"Ofer Meshi, Mehrdad Mahdavi, Alex Schwing",,Poster,https://nips.cc/virtual/2015/poster/5479
340,Smooth Interactive Submodular Set Cover,"Bryan D He, Yisong Yue",Stanford University; California Institute of Technology,Poster,https://nips.cc/virtual/2015/poster/5466
341,Softstar: Heuristic-Guided Probabilistic Inference,"Mathew Monfort, Brenden M Lake, Brenden M Lake, Brian Ziebart, Patrick Lucey, Josh Tenenbaum",,Poster,https://nips.cc/virtual/2015/poster/5701
342,Solving Random Quadratic Systems of Equations Is Nearly as Easy as Solving Linear Systems,"Yuxin Chen, Emmanuel Candes",Stanford University,Oral,https://nips.cc/virtual/2015/poster/5824
343,Space-Time Local Embeddings,"Ke Sun, Jun Wang, Alexandros Kalousis, Stephane Marchand-Maillet",University of Geneva; Expedia; University of Applied Sciences Western Switzerland,Poster,https://nips.cc/virtual/2015/poster/5464
344,Sparse and Low-Rank Tensor Decomposition,"Parikshit Shah, Nikhil Rao, Gongguo Tang",Yahoo; University of Texas at Austin; Colorado School of Mines,Poster,https://nips.cc/virtual/2015/poster/5684
345,Sparse Linear Programming via Primal and Dual Augmented Coordinate Descent,"Ian En-Hsu Yen, Kai Zhong, Cho-Jui Hsieh, Pradeep K Ravikumar, Inderjit S Dhillon","University of Texas at Austin; University of California, Davis",Poster,https://nips.cc/virtual/2015/poster/5667
346,Sparse Local Embeddings for Extreme Multi-label Classification,"Kush Bhatia, Himanshu Jain, Purushottam Kar, Manik Varma, Prateek Jain",,Poster,https://nips.cc/virtual/2015/poster/5520
347,Sparse PCA via Bipartite Matchings,"Megasthenis Asteris, Dimitris Papailiopoulos, Anastasios Kyrillidis, Alexandros G Dimakis","University of Texas at Austin; University of California, Berkeley",Poster,https://nips.cc/virtual/2015/poster/5523
348,Spatial Transformer Networks,"Max Jaderberg, Karen Simonyan, Andrew Zisserman, koray kavukcuoglu",Google,Spotlight,https://nips.cc/virtual/2015/poster/5854
349,Spectral Learning of Large Structured HMMs for Comparative Epigenomics,"Chicheng Zhang, Jimin Song, Kamalika Chaudhuri, Kevin Chen","University of California, San Diego; Rutgers University",Poster,https://nips.cc/virtual/2015/poster/5496
350,Spectral Norm Regularization of Orthonormal Representations for Graph Transduction,"Rakesh Shivanna, Bibaswan K Chatterjee, Raman Sankaran, Chiranjib Bhattacharyya, Francis Bach",Google; Indian Institute of Science; INRIA,Poster,https://nips.cc/virtual/2015/poster/5652
351,Spectral Representations for Convolutional Neural Networks,"Oren Rippel, Jasper Snoek, Ryan P. Adams",Massachusetts Institute of Technology; Twitter,Poster,https://nips.cc/virtual/2015/poster/5674
352,Spherical Random Features for Polynomial Kernels,"Jeffrey Pennington, Felix Xinnan X Yu, Sanjiv Kumar",Google,Spotlight,https://nips.cc/virtual/2015/poster/5895
353,Statistical Model Criticism using Kernel Two Sample Tests,"James R Lloyd, Zoubin Ghahramani",University of Cambridge,Poster,https://nips.cc/virtual/2015/poster/5529
354,Statistical Topological Data Analysis - A Kernel Perspective,"Roland Kwitt, Stefan Huber, Marc Niethammer, Weili Lin, Ulrich Bauer",University of Salzburg; Institute of Science and Technology Austria; University of North Carolina at Chapel Hill; Technische Universität München,Poster,https://nips.cc/virtual/2015/poster/5729
355,Stochastic Expectation Propagation,"Yingzhen Li, José Miguel Hernández-Lobato, Richard E Turner",University of Cambridge; Harvard University,Spotlight,https://nips.cc/virtual/2015/poster/5812
356,Stochastic Online Greedy Learning with Semi-bandit Feedbacks,"Tian Lin, Jian Li, Wei Chen",Tsinghua University; Microsoft,Poster,https://nips.cc/virtual/2015/poster/5484
357,StopWasting My Gradients: Practical SVRG,"Reza Babanezhad Harikandeh, Mohamed Osama Ahmed, Alim Virani, Mark Schmidt, Jakub Konečný, Scott Sallinen",University of British Columbia; University of Edinburgh,Poster,https://nips.cc/virtual/2015/poster/5656
358,Streaming Min-max Hypergraph Partitioning,"Dan Alistarh, Jennifer Iglesias, Milan Vojnovic",Microsoft; Carnegie Mellon University,Poster,https://nips.cc/virtual/2015/poster/5627
359,"Streaming, Distributed Variational Inference for Bayesian Nonparametrics","Trevor Campbell, Julian Straub, John W. Fisher III, Jonathan P How",Laboratory for Information and Decision Systems; Massachusetts Institute of Technology,Poster,https://nips.cc/virtual/2015/poster/5477
360,Structured Estimation with Atomic Norms: General Bounds and Applications,"Sheng Chen, Arindam Banerjee",University of Minnesota,Poster,https://nips.cc/virtual/2015/poster/5713
361,Structured Transforms for Small-Footprint Deep Learning,"Vikas Sindhwani, Tara Sainath, Sanjiv Kumar",Google,Spotlight,https://nips.cc/virtual/2015/poster/5877
362,SubmodBoxes: Near-Optimal Search for a Set of Diverse Object Proposals,"Qing Sun, Dhruv Batra",Virginia Tech,Poster,https://nips.cc/virtual/2015/poster/5578
363,Submodular Hamming Metrics,"Jennifer A Gillenwater, Rishabh K Iyer, Bethany Lusch, Rahul Kidambi, Jeff A. Bilmes",University of Washington,Spotlight,https://nips.cc/virtual/2015/poster/5827
364,Subsampled Power Iteration: a Unified Algorithm for Block Models and Planted CSP's,"Vitaly Feldman, Will Perkins, Santosh Vempala",IBM; University of Birmingham; Georgia Institute of Technology,Poster,https://nips.cc/virtual/2015/poster/5709
365,Subset Selection by Pareto Optimization,"Chao Qian, Yang Yu, Zhi-Hua Zhou",Nanjing University; Collaborative Innovation Center of Novel Software Technology and Industrialization,Poster,https://nips.cc/virtual/2015/poster/5614
366,Subspace Clustering with Irrelevant Features via Robust Dantzig Selector,"Chao Qu, Huan Xu",National University of Singapore,Poster,https://nips.cc/virtual/2015/poster/5522
367,Sum-of-Squares Lower Bounds for Sparse PCA,"Tengyu Ma, Avi Wigderson",Princeton University; Institute for Advanced Study,Poster,https://nips.cc/virtual/2015/poster/5598
368,Super-Resolution Off the Grid,"Qingqing Huang, Sham M. Kakade",Massachusetts Institute of Technology; University of Washington,Spotlight,https://nips.cc/virtual/2015/poster/5837
369,Supervised Learning for Dynamical System Learning,"Ahmed Hefny, Carlton Downey, Geoffrey J. Gordon",Carnegie Mellon University,Poster,https://nips.cc/virtual/2015/poster/5631
370,Synaptic Sampling: A Bayesian Approach to Neural Network Plasticity and Rewiring,"David Kappel, Stefan Habenschuss, Robert Legenstein, Wolfgang Maass",Graz University of Technology,Poster,https://nips.cc/virtual/2015/poster/5486
371,Taming the Wild: A Unified Analysis of Hogwild-Style Algorithms,"Christopher M De Sa, Ce Zhang, Kunle Olukotun, Christopher Ré, Christopher Ré",,Poster,https://nips.cc/virtual/2015/poster/5695
372,Teaching Machines to Read and Comprehend,"Karl Moritz Hermann, Tomas Kocisky, Edward Grefenstette, Lasse Espeholt, Will Kay, Mustafa Suleyman, Phil Blunsom",Google,Poster,https://nips.cc/virtual/2015/poster/5605
373,Tensorizing Neural Networks,"Alexander Novikov, Dmitrii Podoprikhin, Anton Osokin, Dmitry P Vetrov",Skolkovo Institute of Science and Technology; Institute of Numerical Mathematics; INRIA; National Research University Higher School of Economics,Poster,https://nips.cc/virtual/2015/poster/5494
374,Testing Closeness With Unequal Sized Samples,"Bhaswar Bhattacharya, Gregory Valiant",Stanford University,Poster,https://nips.cc/virtual/2015/poster/5690
375,Texture Synthesis Using Convolutional Neural Networks,"Leon Gatys, Alexander S Ecker, Matthias Bethge",University of Tübingen; Bernstein Center for Computational Neuroscience; Max Planck Institute for Biological Cybernetics; Baylor College of Medicine,Poster,https://nips.cc/virtual/2015/poster/5476
376,The Brain Uses Reliability of Stimulus Information when Making Perceptual Decisions,"Sebastian Bitzer, Stefan Kiebel",Technische Universität Dresden,Poster,https://nips.cc/virtual/2015/poster/5550
377,The Consistency of Common Neighbors for Link Prediction in Stochastic Blockmodels,"Purnamrita Sarkar, Deepayan Chakrabarti, peter j bickel","University of Texas at Austin; University of California, Berkeley",Poster,https://nips.cc/virtual/2015/poster/5723
378,The Human Kernel,"Andrew G Wilson, Christoph Dann, Chris Lucas, Eric P Xing",,Spotlight,https://nips.cc/virtual/2015/poster/5806
379,The Pareto Regret Frontier for Bandits,Tor Lattimore,University of Alberta,Poster,https://nips.cc/virtual/2015/poster/5471
380,The Poisson Gamma Belief Network,"Mingyuan Zhou, Yulai Cong, Bo Chen",,Poster,https://nips.cc/virtual/2015/poster/5726
381,The Population Posterior and Bayesian Modeling on Streams,"James McInerney, Rajesh Ranganath, David Blei",Columbia University; Princeton University,Poster,https://nips.cc/virtual/2015/poster/5559
382,The Return of the Gating Network: Combining Generative Models and Discriminative Training in Natural Image Priors,"Dan Rosenbaum, Yair Weiss",Hebrew University of Jerusalem,Spotlight,https://nips.cc/virtual/2015/poster/5863
383,The Self-Normalized Estimator for Counterfactual Learning,"Adith Swaminathan, Thorsten Joachims",Cornell University,Spotlight,https://nips.cc/virtual/2015/poster/5819
384,Time-Sensitive Recommendation From Recurrent User Activities,"Nan Du, Yichen Wang, Niao He, Jimeng Sun, Le Song",,Poster,https://nips.cc/virtual/2015/poster/5764
385,Top-k Multiclass SVM,"Maksim Lapin, Matthias Hein, Bernt Schiele",,Spotlight,https://nips.cc/virtual/2015/poster/5821
386,Tractable Bayesian Network Structure Learning with Bounded Vertex Cover Number,"Janne H Korhonen, Pekka Parviainen",Helsinki Institute for Information Technology; Unknown Institution; University of Helsinki; Aalto University,Poster,https://nips.cc/virtual/2015/poster/5509
387,Tractable Learning for Complex Probability Queries,"Jessa Bekker, Jesse Davis, Arthur Choi, Adnan Darwiche, Guy Van den Broeck","KU Leuven; University of California, Los Angeles",Poster,https://nips.cc/virtual/2015/poster/5655
388,Training Restricted Boltzmann Machine via the ￼Thouless-Anderson-Palmer free energy,"Marylou Gabrie, Eric W Tramel, Florent Krzakala",Ecole Normale Supérieure,Poster,https://nips.cc/virtual/2015/poster/5511
389,Training Very Deep Networks,"Rupesh K Srivastava, Klaus Greff, Jürgen Schmidhuber",Swiss AI Lab IDSIA,Spotlight,https://nips.cc/virtual/2015/poster/5855
390,Tree-Guided MCMC Inference for Normalized Random Measure Mixture Models,"Juho Lee, Seungjin Choi",Pohang University of Science and Technology,Poster,https://nips.cc/virtual/2015/poster/5626
391,Unified View of Matrix Completion under General Structural Constraints,"Suriya Gunasekar, Arindam Banerjee, Joydeep Ghosh",University of Texas at Austin; University of Minnesota,Poster,https://nips.cc/virtual/2015/poster/5561
392,Unlocking neural population non-stationarities using hierarchical dynamics models,"Mijung Park, Gergo Bohner, Jakob H. Macke",University College London; Research Center Caesar; Max Planck Institute for Biological Cybernetics,Poster,https://nips.cc/virtual/2015/poster/5468
393,Unsupervised Learning by Program Synthesis,"Kevin Ellis, Armando Solar-Lezama, Josh Tenenbaum",Massachusetts Institute of Technology,Poster,https://nips.cc/virtual/2015/poster/5543
394,Variance Reduced Stochastic Gradient Descent with Neighbors,"Thomas Hofmann, Aurelien Lucchi, Simon Lacoste-Julien, Brian McWilliams",,Poster,https://nips.cc/virtual/2015/poster/5662
395,Variational Consensus Monte Carlo,"Maxim Rabinovich, Elaine Angelino, Michael I Jordan","University of California, Berkeley",Poster,https://nips.cc/virtual/2015/poster/5564
396,Variational Dropout and the Local Reparameterization Trick,"Diederik P. Kingma, Tim Salimans, Max Welling","University of Amsterdam; Algoritmica; University of California, Irvine; Canadian Institute for Advanced Research",Poster,https://nips.cc/virtual/2015/poster/5687
397,Variational Information Maximisation for Intrinsically Motivated Reinforcement Learning,"Shakir Mohamed, Danilo Jimenez Rezende",Google,Poster,https://nips.cc/virtual/2015/poster/5643
398,Visalogy: Answering Visual Analogy Questions,"Fereshteh Sadeghi, C. Lawrence Zitnick, Ali Farhadi",University of Washington; Microsoft; Allen Institute for AI,Poster,https://nips.cc/virtual/2015/poster/5625
399,Weakly-supervised Disentangling with Recurrent Transformations for 3D View Synthesis,"Jimei Yang, Scott E Reed, Ming-Hsuan Yang, Honglak Lee","University of California, Merced; University of Michigan",Poster,https://nips.cc/virtual/2015/poster/5556
400,"Weighted Theta Functions and Embeddings with Applications to Max-Cut, Clustering and Summarization","Fredrik D Johansson, Ankani Chattoraj, Chiranjib Bhattacharyya, Devdatt Dubhashi",Chalmers University of Technology; University of Rochester; Indian Institute of Science,Poster,https://nips.cc/virtual/2015/poster/5547
401,When are Kalman-Filter Restless Bandits Indexable?,"Christopher R Dance, Tomi Silander",,Poster,https://nips.cc/virtual/2015/poster/5607
402,Where are they looking?,"Adria Recasens, Aditya Khosla, Carl Vondrick, Antonio Torralba",Massachusetts Institute of Technology,Spotlight,https://nips.cc/virtual/2015/poster/5853
403,Winner-Take-All Autoencoders,"Alireza Makhzani, Brendan J. Frey",University of Toronto,Poster,https://nips.cc/virtual/2015/poster/5704
